data_source_id,trait_domain_name,taxon_name,n_scaled_records
154,Stem specific density,Acer rubrum,11
154,Stem specific density,Acer saccharum,45
154,Stem specific density,Betula alleghaniensis,46
154,Stem specific density,Betula lenta,10
154,Stem specific density,Carya ovata,10
154,Stem specific density,Cornus florida,3
154,Stem specific density,Fagus sylvatica,5
154,Stem specific density,Liriodendron tulipifera,10
154,Stem specific density,Oxydendrum arboreum,8
154,Stem specific density,Quercus alba,10
154,Stem specific density,Quercus coccinea,5
154,Stem specific density,Quercus michauxii,10
154,Stem specific density,Quercus rubra,9
155,Plant heigh,ARCTOSTAPHYLOS UVA-URSI,48
155,Plant heigh,Achillea millefolium,14
155,Plant heigh,Agoseris aurantiaca,5
155,Plant heigh,Agrostis alpina,10
155,Plant heigh,Agrostis mertensii,60
155,Plant heigh,Agrostis rupestris,10
155,Plant heigh,Alchemilla alpina,14
155,Plant heigh,Alchemilla sp,17
155,Plant heigh,Allium geyeri,5
155,Plant heigh,Alnus alnobetula,120
155,Plant heigh,Anaphalis margaritacea,5
155,Plant heigh,Andromeda polifolia,488
155,Plant heigh,Angelica archangelica,4
155,Plant heigh,Angelica grayi,10
155,Plant heigh,Antennaria alpina,147
155,Plant heigh,Antennaria carpatica,10
155,Plant heigh,Antennaria dioica,24
155,Plant heigh,Anthoxanthum odoratum,38
155,Plant heigh,Anthriscus sylvestris,15
155,Plant heigh,Anthyllis sp,10
155,Plant heigh,Anticlea elegans,5
155,Plant heigh,Aquilegia caerulea,5
155,Plant heigh,Arctostaphylos alpinus,22
155,Plant heigh,Arctostaphylos rubra,241
155,Plant heigh,Arctous alpina,32
155,Plant heigh,Arnica cordifolia,5
155,Plant heigh,Arnica latifolia,6
155,Plant heigh,Arnica mollis,5
155,Plant heigh,Artemisia pattersonii,5
155,Plant heigh,Artemisia scopulorum,20
155,Plant heigh,Astragalus alpinus,58
155,Plant heigh,Bartsia alpina,24
155,Plant heigh,Betula glandulosa,1317
155,Plant heigh,Betula nana,453
155,Plant heigh,Betula pubescens,61
155,Plant heigh,Bistorta bistortoides,25
155,Plant heigh,Bistorta vivipara,459
155,Plant heigh,Calamagrostis canadensis,5
155,Plant heigh,Calamagrostis lapponica,246
155,Plant heigh,Calamagrostis purpurascens,5
155,Plant heigh,Calamagrostis stricta,66
155,Plant heigh,Calluna vulgaris,254
155,Plant heigh,Caltha leptosepala,15
155,Plant heigh,Campanula parryi,6
155,Plant heigh,Campanula rotundifolia,12
155,Plant heigh,Carex albonigra,6
155,Plant heigh,Carex aquatilis,5
155,Plant heigh,Carex bigelowii,549
155,Plant heigh,Carex brunnescens,7
155,Plant heigh,Carex canescens,22
155,Plant heigh,Carex capillaris,10
155,Plant heigh,Carex curvula,9
155,Plant heigh,Carex dioica,2
155,Plant heigh,Carex ebe,5
155,Plant heigh,Carex ericetorum,10
155,Plant heigh,Carex firma,9
155,Plant heigh,Carex foenea,10
155,Plant heigh,Carex lachenalii,62
155,Plant heigh,Carex magellanica,2
155,Plant heigh,Carex mucronata,10
155,Plant heigh,Carex myosuroides,14
155,Plant heigh,Carex nova,5
155,Plant heigh,Carex parviflora,20
155,Plant heigh,Carex rossii,5
155,Plant heigh,Carex rotundata,2
155,Plant heigh,Carex rupestris,15
155,Plant heigh,Carex scopulorum,13
155,Plant heigh,Carex sempervirens,9
155,Plant heigh,Carex sp,12
155,Plant heigh,Carex vaginata,40
155,Plant heigh,Cassiope tetragona,97
155,Plant heigh,Castilleja occidentalis,8
155,Plant heigh,Cerastium arvense,13
155,Plant heigh,Cerastium fontanum,15
155,Plant heigh,Cerastium latifolium,10
155,Plant heigh,Cerastium uniflorum,9
155,Plant heigh,Cherleria biflora,2
155,Plant heigh,Cherleria obtusiloba,17
155,Plant heigh,Chionophila jamesii,11
155,Plant heigh,Cornus suecica,31
155,Plant heigh,Cymopterus lemmonii,11
155,Plant heigh,Danthonia intermedia,9
155,Plant heigh,Dasiphora fruticosa,5
155,Plant heigh,Deschampsia atropurpurea,12
155,Plant heigh,Deschampsia caespitosa,35
155,Plant heigh,Deschampsia flexuosa,630
155,Plant heigh,Diapensia lapponica,4
155,Plant heigh,Diphasiastrum alpinum,25
155,Plant heigh,Draba aurea,2
155,Plant heigh,Draba streptocarpa,10
155,Plant heigh,Dryas integrifolia,90
155,Plant heigh,Dryas octopetala,163
155,Plant heigh,Elymus scribneri,7
155,Plant heigh,Empetrum nigrum,1425
155,Plant heigh,Empetrum nigrum subsp. hermaphroditum,418
155,Plant heigh,Epilobium angustifolium,15
155,Plant heigh,Equisetum arvense,5
155,Plant heigh,Equisetum fluviatile,10
155,Plant heigh,Equisetum hyemale,10
155,Plant heigh,Equisetum pratense,10
155,Plant heigh,Equisetum scirpoides,14
155,Plant heigh,Equisetum sylvaticum,2
155,Plant heigh,Eremogone fendleri,14
155,Plant heigh,Erica carnea,10
155,Plant heigh,Erigeron grandiflorus,20
155,Plant heigh,Erigeron melanocephalus,6
155,Plant heigh,Erigeron peregrinus,10
155,Plant heigh,Erigeron pinnatisectus,5
155,Plant heigh,Erigeron uniflorus,10
155,Plant heigh,Eriogonum arcuatum,5
155,Plant heigh,Eriophorum angustifolium,2
155,Plant heigh,Eriophorum vaginatum,65
155,Plant heigh,Eritrichium nanum,10
155,Plant heigh,Erysimum capitatum,5
155,Plant heigh,Euphrasia frigida,10
155,Plant heigh,Festuca brachyphylla,20
155,Plant heigh,Festuca halleri,10
155,Plant heigh,Festuca ovina,59
155,Plant heigh,Festuca quadriflora,10
155,Plant heigh,Festuca vivipara,19
155,Plant heigh,Frasera speciosa,5
155,Plant heigh,Gagea serotina,18
155,Plant heigh,Genista balansae,20
155,Plant heigh,Gentiana algida,11
155,Plant heigh,Gentiana nivalis,14
155,Plant heigh,Gentianella amarella,9
155,Plant heigh,Geranium sylvaticum,15
155,Plant heigh,Geum rossii,35
155,Plant heigh,Gnaphalium supinum,39
155,Plant heigh,Graminoid sp,4
155,Plant heigh,Harrimanella hypnoides,66
155,Plant heigh,Helictotrichon versicolor,10
155,Plant heigh,Heuchera parvifolia,10
155,Plant heigh,Hieracium alpinum,10
155,Plant heigh,Hieracium graciliusculum,6
155,Plant heigh,Hieracium sect.,59
155,Plant heigh,Hieracium sect. Alpina,85
155,Plant heigh,Hierochloe odorata,10
155,Plant heigh,Huperzia selago,7
155,Plant heigh,Hymenoxys grandiflora,10
155,Plant heigh,Juncus biglumis,2
155,Plant heigh,Juncus drummondii,25
155,Plant heigh,Juncus trifidus,79
155,Plant heigh,Juniperus communis,233
155,Plant heigh,Juniperus sabina,26
155,Plant heigh,Kalmia procumbens,42
155,Plant heigh,Lactuca alpina,15
155,Plant heigh,Ledum palustre subsp. groenlandicum,351
155,Plant heigh,Leontodon hispidus,10
155,Plant heigh,Leucanthemopsis alpina,10
155,Plant heigh,Lewisia pygmaea,20
155,Plant heigh,Ligusticum mutellina,10
155,Plant heigh,Ligusticum tenuifolium,6
155,Plant heigh,Linnaea borealis,80
155,Plant heigh,Luzula lutea,10
155,Plant heigh,Luzula multiflora,44
155,Plant heigh,Luzula pilosa,27
155,Plant heigh,Luzula spicata,23
155,Plant heigh,Lycopodium annotinum,7
155,Plant heigh,Lycopodium annotinum subsp. annotinum,13
155,Plant heigh,Melampyrum pratense,95
155,Plant heigh,Mertensia ciliata,5
155,Plant heigh,Mertensia lanceolata,18
155,Plant heigh,Micranthes rhomboidea,5
155,Plant heigh,Milium effusum,10
155,Plant heigh,Myosotis pyrenaica,26
155,Plant heigh,Myrica gale,22
155,Plant heigh,Nardus stricta,13
155,Plant heigh,Noccaea montana,10
155,Plant heigh,Oreocarya cana,5
155,Plant heigh,Oreochloa disticha,10
155,Plant heigh,Oreoxis alpina,10
155,Plant heigh,Oxygraphis glacialis,22
155,Plant heigh,Oxyria digyna,10
155,Plant heigh,Packera cana,14
155,Plant heigh,Packera crocata,10
155,Plant heigh,Paronychia pulvinata,10
155,Plant heigh,Pedicularis groenlandica,5
155,Plant heigh,Pedicularis hirsuta,50
155,Plant heigh,Pedicularis lapponica,55
155,Plant heigh,Pedicularis parryi,8
155,Plant heigh,Pedicularis racemosa,5
155,Plant heigh,Pedicularis verticillata,32
155,Plant heigh,Penstemon whippleanus,5
155,Plant heigh,Petasites frigidus,36
155,Plant heigh,Phleum alpinum,23
155,Plant heigh,Phleum pratense,14
155,Plant heigh,Phlox sibirica,5
155,Plant heigh,Phyllodoce caerulea,275
155,Plant heigh,Phyteuma hemisphaericum,9
155,Plant heigh,Poa alpigena,10
155,Plant heigh,Poa alpina,304
155,Plant heigh,Poa cusickii,6
155,Plant heigh,Poa glauca,5
155,Plant heigh,Poa laxa,9
155,Plant heigh,Poa pratensis,30
155,Plant heigh,Poa sp,5
155,Plant heigh,Polemonium acutiflorum,15
155,Plant heigh,Polemonium pulcherrimum,4
155,Plant heigh,Polemonium viscosum,10
155,Plant heigh,Potentilla aurea,10
155,Plant heigh,Potentilla concinna,5
155,Plant heigh,Potentilla crantzii,27
155,Plant heigh,Potentilla diversifolia,20
155,Plant heigh,Potentilla nivea,5
155,Plant heigh,Primula angustifolia,5
155,Plant heigh,Primula integrifolia,67
155,Plant heigh,Primula parryi,5
155,Plant heigh,Primula pauciflora,10
155,Plant heigh,Pulsatilla alpina,10
155,Plant heigh,Pulsatilla vernalis,10
155,Plant heigh,Pyrola minor,11
155,Plant heigh,Ranunculus acris,19
155,Plant heigh,Ranunculus adoneus,18
155,Plant heigh,Ranunculus nivalis,31
155,Plant heigh,Rhodiola integrifolia,5
155,Plant heigh,Rhodiola rosea,17
155,Plant heigh,Rhododendron ferrugineum,40
155,Plant heigh,Rhododendron lapponicum,263
155,Plant heigh,Rhododendron tomentosum,664
155,Plant heigh,Ribes montigenum,4
155,Plant heigh,Rubus chamaemorus,289
155,Plant heigh,Rumex lapponicus,31
155,Plant heigh,Salix arctica,8
155,Plant heigh,Salix arctophila,236
155,Plant heigh,Salix argyocarpon,25
155,Plant heigh,Salix athabascensis,151
155,Plant heigh,Salix candida,14
155,Plant heigh,Salix doniana_x,13
155,Plant heigh,Salix glauca,136
155,Plant heigh,Salix hastata,1
155,Plant heigh,Salix herbacea,313
155,Plant heigh,Salix herbaceae-polaris,10
155,Plant heigh,Salix lanata,102
155,Plant heigh,Salix lapponum,38
155,Plant heigh,Salix planifolia,266
155,Plant heigh,Salix polaris,4
155,Plant heigh,Salix reticulata,246
155,Plant heigh,Salix retusa,33
155,Plant heigh,Salix sp,10
155,Plant heigh,Salix vestita,69
155,Plant heigh,Saussurea alpina,27
155,Plant heigh,Saxifraga bryoides,10
155,Plant heigh,Saxifraga oppositifolia,10
155,Plant heigh,Scorzoneroides autumnalis,2
155,Plant heigh,Scorzoneroides helvetica,10
155,Plant heigh,Sedum lanceolatum,8
155,Plant heigh,Selaginella selaginoides,15
155,Plant heigh,Senecio triangularis,5
155,Plant heigh,Sesleria albicans,8
155,Plant heigh,Shepherdia canadensis,4
155,Plant heigh,Sibbaldia procumbens,78
155,Plant heigh,Silene acaulis,250
155,Plant heigh,Silene exscapa,4
155,Plant heigh,Smelowskia calycina,1
155,Plant heigh,Sold pus,1
155,Plant heigh,Solidago spathulata,20
155,Plant heigh,Solidago virgaurea,176
155,Plant heigh,Sorbus aucuparia,1
155,Plant heigh,Taraxacum alpinum,10
155,Plant heigh,Taraxacum campylodes,8
155,Plant heigh,Taraxacum sp,29
155,Plant heigh,Tetraneuris acaulis,10
155,Plant heigh,Thalictrum alpinum,22
155,Plant heigh,Tonestus pygmaeus,5
155,Plant heigh,Trientalis europaea,216
155,Plant heigh,Trifolium brandegei,5
155,Plant heigh,Trifolium dasyphyllum,10
155,Plant heigh,Trifolium nanum,5
155,Plant heigh,Trifolium parryi,8
155,Plant heigh,Trisetum spicatum,22
155,Plant heigh,Trollius europaeus,19
155,Plant heigh,Trollius laxus,5
155,Plant heigh,VACCINIUM VITIS-IDAEA,1919
155,Plant heigh,Vaccinium caespitosum,6
155,Plant heigh,Vaccinium myrtillus,797
155,Plant heigh,Vaccinium uliginosum,1290
155,Plant heigh,Veronica alpina,16
155,Plant heigh,Veronica wormskjoldii,5
155,Plant heigh,Viola adunca,5
155,Plant heigh,Viola biflora,67
187,Plant heigh,Achillea millefolium,3
187,Plant heigh,Alnus incana,3
187,Plant heigh,Andromeda polifolia,3
187,Plant heigh,Angelica sylvestris,3
187,Plant heigh,Anthriscus sylvestris,4
187,Plant heigh,Arctostaphylos alpinus,4
187,Plant heigh,Astragalus alpinus,3
187,Plant heigh,Astragalus frigidus,4
187,Plant heigh,Bartsia alpina,4
187,Plant heigh,Betula nana,4
187,Plant heigh,Betula pubescens,4
187,Plant heigh,Bistorta vivipara,4
187,Plant heigh,Calamagrostis lapponica,4
187,Plant heigh,Caltha palustris,3
187,Plant heigh,Carex capitata,3
187,Plant heigh,Carex rostrata,4
187,Plant heigh,Carex saxatilis,3
187,Plant heigh,Carex vaginata,3
187,Plant heigh,Cassiope tetragona,3
187,Plant heigh,Cornus suecica,4
187,Plant heigh,Deschampsia cespitosa,3
187,Plant heigh,Diphasiastrum complanatum,3
187,Plant heigh,Drosera rotundifolia,3
187,Plant heigh,Dryas octopetala,3
187,Plant heigh,Elymus repens,3
187,Plant heigh,Empetrum nigrum,4
187,Plant heigh,Epilobium angustifolium,4
187,Plant heigh,Equisetum sylvaticum,3
187,Plant heigh,Eriophorum angustifolium,4
187,Plant heigh,Euphrasia frigida,3
187,Plant heigh,Filipendula ulmaria,4
187,Plant heigh,Geranium sylvaticum,3
187,Plant heigh,Gymnocarpium dryopteris,3
187,Plant heigh,Juncus arcticus,4
187,Plant heigh,Juncus trifidus,3
187,Plant heigh,Juniperus communis,4
187,Plant heigh,Lathyrus pratensis,3
187,Plant heigh,Luzula multiflora,3
187,Plant heigh,Lycopodium annotinum,3
187,Plant heigh,Matteuccia struthiopteris,4
187,Plant heigh,Melampyrum sylvaticum,4
187,Plant heigh,Orthilia secunda,3
187,Plant heigh,Pedicularis hirsuta,4
187,Plant heigh,Pedicularis lapponica,4
187,Plant heigh,Pedicularis sceptrum-carolinum,4
187,Plant heigh,Phleum alpinum,3
187,Plant heigh,Picea abies,3
187,Plant heigh,Pinguicula vulgaris,3
187,Plant heigh,Pinus sylvestris,4
187,Plant heigh,Populus tremula,4
187,Plant heigh,Rhinanthus minor,4
187,Plant heigh,Rhodiola rosea,3
187,Plant heigh,Rhododendron lapponicum,3
187,Plant heigh,Ribes spicatum,3
187,Plant heigh,Rubus chamaemorus,4
187,Plant heigh,Rubus saxatilis,3
187,Plant heigh,Rumex obtusifolius,3
187,Plant heigh,Salix herbacea,3
187,Plant heigh,Salix lapponum,3
187,Plant heigh,Salix myrsinites,4
187,Plant heigh,Salix polaris,3
187,Plant heigh,Salix reticulata,3
187,Plant heigh,Solidago virgaurea,3
187,Plant heigh,Sorbus aucuparia,4
187,Plant heigh,Tanacetum vulgare,4
187,Plant heigh,Trifolium pratense,3
187,Plant heigh,Trollius europaeus,3
187,Plant heigh,VACCINIUM VITIS-IDAEA,4
187,Plant heigh,Vaccinium myrtillus,4
187,Plant heigh,Vaccinium uliginosum,4
187,Plant heigh,Veronica alpina,3
187,Plant heigh,Vicia cracca,4
243,Leaf Area,ARCTOSTAPHYLOS UVA-URSI,1
243,Leaf Area,Achillea millefolium,1
243,Leaf Area,Agoseris aurantiaca,1
243,Leaf Area,Allium geyeri,1
243,Leaf Area,Anaphalis margaritacea,1
243,Leaf Area,Angelica grayi,1
243,Leaf Area,Antennaria alpina,1
243,Leaf Area,Anticlea elegans,1
243,Leaf Area,Aquilegia caerulea,1
243,Leaf Area,Arnica cordifolia,1
243,Leaf Area,Arnica latifolia,1
243,Leaf Area,Arnica mollis,1
243,Leaf Area,Artemisia pattersonii,1
243,Leaf Area,Artemisia scopulorum,1
243,Leaf Area,Bistorta bistortoides,1
243,Leaf Area,Bistorta vivipara,1
243,Leaf Area,Calamagrostis canadensis,1
243,Leaf Area,Calamagrostis purpurascens,1
243,Leaf Area,Caltha leptosepala,1
243,Leaf Area,Campanula parryi,1
243,Leaf Area,Carex albonigra,1
243,Leaf Area,Carex aquatilis,1
243,Leaf Area,Carex brevior,1
243,Leaf Area,Carex ebenea,1
243,Leaf Area,Carex foenea,1
243,Leaf Area,Carex myosuroides,1
243,Leaf Area,Carex nova,1
243,Leaf Area,Carex rupestris,1
243,Leaf Area,Carex scopulorum var. scopulorum,1
243,Leaf Area,Castilleja occidentalis,1
243,Leaf Area,Cerastium arvense,1
243,Leaf Area,Cherleria obtusiloba,1
243,Leaf Area,Chionophila jamesii,1
243,Leaf Area,Cymopterus lemmonii,1
243,Leaf Area,Danthonia intermedia,1
243,Leaf Area,Dasiphora fruticosa,1
243,Leaf Area,Deschampsia cespitosa,1
243,Leaf Area,Draba aurea,1
243,Leaf Area,Draba streptocarpa var. streptocarpa,1
243,Leaf Area,Dryas octopetala,1
243,Leaf Area,Elymus scribneri,1
243,Leaf Area,Epilobium angustifolium,1
243,Leaf Area,Eremogone fendleri,1
243,Leaf Area,Erigeron glacialis,1
243,Leaf Area,Erigeron grandiflorus,1
243,Leaf Area,Erigeron melanocephalus,1
243,Leaf Area,Erigeron pinnatisectus,1
243,Leaf Area,Eriogonum arcuatum,1
243,Leaf Area,Eritrichium nanum,1
243,Leaf Area,Erysimum capitatum,1
243,Leaf Area,Festuca brachyphylla,1
243,Leaf Area,Frasera speciosa,1
243,Leaf Area,Gagea serotina,1
243,Leaf Area,Gentiana algida,1
243,Leaf Area,Gentianella amarella,1
243,Leaf Area,Geum rossii,1
243,Leaf Area,Heuchera parvifolia,1
243,Leaf Area,Hieracium graciliusculum,1
243,Leaf Area,Hymenoxys grandiflora,1
243,Leaf Area,Juncus drummondii,1
243,Leaf Area,Lewisia pygmaea var. pygmaea,1
243,Leaf Area,Ligusticum tenuifolium,1
243,Leaf Area,Luzula parviflora,1
243,Leaf Area,Luzula spicata,1
243,Leaf Area,Mertensia ciliata,1
243,Leaf Area,Mertensia lanceolata,1
243,Leaf Area,Micranthes rhomboidea,1
243,Leaf Area,Noccaea montana,1
243,Leaf Area,Oreocarya cana,1
243,Leaf Area,Oreoxis alpina subsp. alpina,1
243,Leaf Area,Packera cana,1
243,Leaf Area,Packera crocata,1
243,Leaf Area,Paronychia pulvinata,1
243,Leaf Area,Pedicularis groenlandica,1
243,Leaf Area,Pedicularis parryi,1
243,Leaf Area,Pedicularis racemosa subsp. alba,1
243,Leaf Area,Penstemon whippleanus,1
243,Leaf Area,Phleum alpinum,1
243,Leaf Area,Phleum pratense,1
243,Leaf Area,Phlox pulvinata,1
243,Leaf Area,Poa alpina,1
243,Leaf Area,Poa cusickii,1
243,Leaf Area,Poa rupicola,1
243,Leaf Area,Polemonium pulcherrimum,1
243,Leaf Area,Polemonium viscosum,1
243,Leaf Area,Potentilla concinna,1
243,Leaf Area,Potentilla diversifolia,1
243,Leaf Area,Potentilla nivea,1
243,Leaf Area,Primula angustifolia,1
243,Leaf Area,Primula pauciflora,1
243,Leaf Area,Ranunculus adoneus,1
243,Leaf Area,Rhodiola integrifolia,1
243,Leaf Area,Ribes montigenum,1
243,Leaf Area,Salix arctica,1
243,Leaf Area,Sedum lanceolatum,1
243,Leaf Area,Senecio triangularis,1
243,Leaf Area,Sibbaldia procumbens,1
243,Leaf Area,Silene acaulis,1
243,Leaf Area,Solidago spathulata,1
243,Leaf Area,Taraxacum campylodes,1
243,Leaf Area,Tetraneuris acaulis,1
243,Leaf Area,Tonestus pygmaeus,1
243,Leaf Area,Trifolium dasyphyllum,1
243,Leaf Area,Trifolium nanum,1
243,Leaf Area,Trifolium parryi subsp. parryi,1
243,Leaf Area,Trisetum spicatum,1
243,Leaf Area,Trollius laxus,1
243,Leaf Area,Vaccinium caespitosum,1
243,Leaf Area,Veronica wormskjoldii,1
243,Leaf Area,Viola adunca,1
243,Leaf Area,Viola biflora,1
294,Leaf Area,Achillea millefolium,74
294,Leaf Area,Alopecurus pratensis,63
294,Leaf Area,Anthoxanthum odoratum,70
294,Leaf Area,Arrhenatherum elatius,64
294,Leaf Area,Bellis perennis,45
294,Leaf Area,Centaurea jacea,68
294,Leaf Area,Cynosurus cristatus,69
294,Leaf Area,Dactylis glomerata,92
294,Leaf Area,Galium mollugo,74
294,Leaf Area,Galium verum,65
294,Leaf Area,Helictotrichon pubescens,70
294,Leaf Area,Lolium perenne,71
294,Leaf Area,Lolium pratense,63
294,Leaf Area,Plantago lanceolata,79
294,Leaf Area,Poa pratensis,68
294,Leaf Area,Poa trivialis,62
294,Leaf Area,Ranunculus acris,58
294,Leaf Area,Ranunculus bulbosus,19
294,Leaf Area,Rumex acetosa,75
294,Leaf Area,Veronica chamaedrys,75
352,Plant heigh,ARCTOSTAPHYLOS UVA-URSI,1
352,Plant heigh,Abies lasiocarpa,1
352,Plant heigh,Abutilon theophrasti,1
352,Plant heigh,Acalypha virginica,1
352,Plant heigh,Acer rubrum,2
352,Plant heigh,Achillea millefolium,3
352,Plant heigh,Actaea rubra,1
352,Plant heigh,Agrimonia eupatoria,3
352,Plant heigh,Agrostemma githago,1
352,Plant heigh,Agrostis hyemalis,1
352,Plant heigh,Aletris farinosa,1
352,Plant heigh,Allium tricoccum,1
352,Plant heigh,Alnus incana,1
352,Plant heigh,Alyssum alyssoides,1
352,Plant heigh,Amaranthus blitoides,1
352,Plant heigh,Amaranthus retroflexus,1
352,Plant heigh,Ambrosia artemisiifolia,1
352,Plant heigh,Ambrosia trifida,1
352,Plant heigh,Amorpha canescens,2
352,Plant heigh,Andersonglossum boreale,1
352,Plant heigh,Andropogon gerardii,1
352,Plant heigh,Anemone nemorosa,2
352,Plant heigh,Anemone quinquefolia,1
352,Plant heigh,Antennaria neglecta,1
352,Plant heigh,Antennaria parlinii,1
352,Plant heigh,Anthoxanthum odoratum,2
352,Plant heigh,Anthriscus sylvestris,3
352,Plant heigh,Aphanes arvensis,1
352,Plant heigh,Apocynum androsaemifolium,1
352,Plant heigh,Apocynum cannabinum,1
352,Plant heigh,Aquilegia canadensis,1
352,Plant heigh,Arabidopsis lyrata,3
352,Plant heigh,Arabis hirsuta,2
352,Plant heigh,Aralia nudicaulis,1
352,Plant heigh,Aralia racemosa,1
352,Plant heigh,Arctium minus,1
352,Plant heigh,Arenaria serpyllifolia,4
352,Plant heigh,Arethusa bulbosa,1
352,Plant heigh,Aristida longispica,1
352,Plant heigh,Aristida purpurascens,1
352,Plant heigh,Arnoglossum atriplicifolium,1
352,Plant heigh,Arrhenatherum elatius,1
352,Plant heigh,Artemisia annua,1
352,Plant heigh,Artemisia campestris,1
352,Plant heigh,Artemisia tridentata,1
352,Plant heigh,Asclepias amplexicaulis,1
352,Plant heigh,Asclepias syriaca,3
352,Plant heigh,Asclepias tuberosa,2
352,Plant heigh,Asclepias verticillata,2
352,Plant heigh,Aster dumosus,1
352,Plant heigh,Aster paniculatus,1
352,Plant heigh,Astragalus canadensis,1
352,Plant heigh,Atriplex patula,1
352,Plant heigh,Aureolaria flava,1
352,Plant heigh,Aureolaria pedicularia,1
352,Plant heigh,Avena barbata,1
352,Plant heigh,Avena fatua,2
352,Plant heigh,Baptisia alba,1
352,Plant heigh,Baptisia tinctoria,1
352,Plant heigh,Barbarea vulgaris,1
352,Plant heigh,Betula alleghaniensis,1
352,Plant heigh,Betula papyrifera,2
352,Plant heigh,Bidens aristosa,1
352,Plant heigh,Bidens cernua,1
352,Plant heigh,Bidens connata,1
352,Plant heigh,Bidens discoidea,1
352,Plant heigh,Bidens frondosa,1
352,Plant heigh,Bidens laevis,1
352,Plant heigh,Bidens lanceolata,1
352,Plant heigh,Boehmeria cylindrica,1
352,Plant heigh,Bolboschoenus fluviatilis,1
352,Plant heigh,Bouteloua curtipendula,1
352,Plant heigh,Bouteloua gracilis,1
352,Plant heigh,Brachypodium distachyon,1
352,Plant heigh,Briza maxima,1
352,Plant heigh,Briza media,1
352,Plant heigh,Bromus commutatus,1
352,Plant heigh,Bromus hordeaceus,1
352,Plant heigh,Bromus kalmii,3
352,Plant heigh,Bromus rubens,1
352,Plant heigh,Bromus tectorum,2
352,Plant heigh,Buchnera americana,1
352,Plant heigh,Calamagrostis canadensis,1
352,Plant heigh,Callitriche heterophylla,1
352,Plant heigh,Callitriche lechleri,1
352,Plant heigh,Callitriche palustris,1
352,Plant heigh,Calluna vulgaris,3
352,Plant heigh,Calopogon tuberosus,1
352,Plant heigh,Caltha leptosepala,1
352,Plant heigh,Camassia scilloides,1
352,Plant heigh,Campanula americana,1
352,Plant heigh,Campanula rotundifolia,3
352,Plant heigh,Cardamine douglasii,1
352,Plant heigh,Cardamine parviflora,1
352,Plant heigh,Cardamine pensylvanica,1
352,Plant heigh,Carex aquatilis,1
352,Plant heigh,Carex bicknellii,1
352,Plant heigh,Carex buxbaumii,1
352,Plant heigh,Carex caryophyllea,2
352,Plant heigh,Carex cephalophora,1
352,Plant heigh,Carex conoidea,1
352,Plant heigh,Carex crinita,1
352,Plant heigh,Carex diandra,1
352,Plant heigh,Carex digitalis,1
352,Plant heigh,Carex eburnea,1
352,Plant heigh,Carex ferruginea,1
352,Plant heigh,Carex flacca,1
352,Plant heigh,Carex foenea,1
352,Plant heigh,Carex glaucodea,1
352,Plant heigh,Carex granularis,1
352,Plant heigh,Carex grayi,1
352,Plant heigh,Carex grisea,1
352,Plant heigh,Carex intumescens,1
352,Plant heigh,Carex lacustris,1
352,Plant heigh,Carex lasiocarpa,2
352,Plant heigh,Carex laxiculmis,1
352,Plant heigh,Carex leptalea,1
352,Plant heigh,Carex lurida,1
352,Plant heigh,Carex magellanica,1
352,Plant heigh,Carex meadii,1
352,Plant heigh,Carex merritt-fernaldii,1
352,Plant heigh,Carex oligosperma,1
352,Plant heigh,Carex pauciflora,1
352,Plant heigh,Carex plantaginea,1
352,Plant heigh,Carex rostrata,1
352,Plant heigh,Carex sartwellii,1
352,Plant heigh,Carex scabrata,1
352,Plant heigh,Carex stipata,1
352,Plant heigh,Carex stricta,1
352,Plant heigh,Carex tonsa,1
352,Plant heigh,Carex trisperma,1
352,Plant heigh,Carex umbellata,1
352,Plant heigh,Carex vaginata,1
352,Plant heigh,Carex vulpinoidea,2
352,Plant heigh,Carlina vulgaris,2
352,Plant heigh,Carpinus caroliniana,2
352,Plant heigh,Carya cordiformis,1
352,Plant heigh,Carya glabra,1
352,Plant heigh,Caulophyllum thalictroides,2
352,Plant heigh,Ceanothus americanus,1
352,Plant heigh,Celastrus scandens,1
352,Plant heigh,Cenchrus spinifex,1
352,Plant heigh,Centaurea cyanus,1
352,Plant heigh,Centaurea nigra,1
352,Plant heigh,Cerastium glomeratum,1
352,Plant heigh,Chaerophyllum procumbens,1
352,Plant heigh,Chamaedaphne calyculata,1
352,Plant heigh,Chelone glabra,1
352,Plant heigh,Chenopodiastrum hybridum,1
352,Plant heigh,Chenopodium capitatum,1
352,Plant heigh,Chenopodium leptophyllum,1
352,Plant heigh,Chrysosplenium americanum,1
352,Plant heigh,Cicuta bulbifera,1
352,Plant heigh,Cinna arundinacea,1
352,Plant heigh,Circaea alpina,1
352,Plant heigh,Circaea lutetiana,1
352,Plant heigh,Cirsium altissimum,1
352,Plant heigh,Cirsium arvense,1
352,Plant heigh,Cirsium muticum,1
352,Plant heigh,Cirsium vulgare,1
352,Plant heigh,Claytonia virginica,1
352,Plant heigh,Clematis virginiana,1
352,Plant heigh,Clinopodium vulgare,1
352,Plant heigh,Collinsia verna,1
352,Plant heigh,Comandra umbellata,1
352,Plant heigh,Comarum palustre,1
352,Plant heigh,Conopodium majus,1
352,Plant heigh,Convallaria majalis,2
352,Plant heigh,Coreopsis palmata,2
352,Plant heigh,Corispermum hyssopifolium,1
352,Plant heigh,Cornus alternifolia,2
352,Plant heigh,Cornus amomum,2
352,Plant heigh,Cornus florida,1
352,Plant heigh,Cornus rugosa,1
352,Plant heigh,Cornus sericea,1
352,Plant heigh,Corylus americana,2
352,Plant heigh,Crataegus calpodendron,1
352,Plant heigh,Crataegus crus-galli,1
352,Plant heigh,Crataegus punctata,1
352,Plant heigh,Crocanthemum canadense,1
352,Plant heigh,Crotalaria sagittalis,1
352,Plant heigh,Croton glandulosus,1
352,Plant heigh,Cynoglossum officinale,1
352,Plant heigh,Cyperus echinatus,1
352,Plant heigh,Cyperus erythrorhizus,1
352,Plant heigh,Cyperus filiculmis,1
352,Plant heigh,Cyperus houghtonii,1
352,Plant heigh,Cyperus odoratus,1
352,Plant heigh,Cyperus schweinitzii,1
352,Plant heigh,Cyperus subsquarrosus,1
352,Plant heigh,Cypripedium acaule,1
352,Plant heigh,Cytisus scoparius,1
352,Plant heigh,Dactylis glomerata,1
352,Plant heigh,Danthonia decumbens,3
352,Plant heigh,Danthonia spicata,1
352,Plant heigh,Dasiphora fruticosa,1
352,Plant heigh,Dasistoma macrophylla,1
352,Plant heigh,Datura stramonium,1
352,Plant heigh,Decodon verticillatus,1
352,Plant heigh,Deschampsia flexuosa,1
352,Plant heigh,Descurainia pinnata,1
352,Plant heigh,Desmanthus illinoensis,1
352,Plant heigh,Desmodium dillenii,1
352,Plant heigh,Desmodium paniculatum,1
352,Plant heigh,Desmodium rigidum,1
352,Plant heigh,Dioscorea villosa,1
352,Plant heigh,Drymocallis arguta,2
352,Plant heigh,Dysphania ambrosioides,1
352,Plant heigh,Echinochloa walteri,1
352,Plant heigh,Echium vulgare,2
352,Plant heigh,Eleocharis acicularis,1
352,Plant heigh,Eleocharis acuta,1
352,Plant heigh,Eleocharis compressa,1
352,Plant heigh,Eleocharis debilis,1
352,Plant heigh,Eleocharis geniculata,3
352,Plant heigh,Eleocharis intermedia,1
352,Plant heigh,Eleocharis interstincta,1
352,Plant heigh,Eleocharis melanocarpa,1
352,Plant heigh,Eleocharis obtusa,1
352,Plant heigh,Eleocharis palustris,1
352,Plant heigh,Eleocharis robbinsii,1
352,Plant heigh,Elymus canadensis,2
352,Plant heigh,Elymus caninus,1
352,Plant heigh,Elymus hystrix,1
352,Plant heigh,Elymus repens,1
352,Plant heigh,Elymus riparius,1
352,Plant heigh,Elymus smithii,1
352,Plant heigh,Elymus virginicus,2
352,Plant heigh,Endotropis alnifolia,1
352,Plant heigh,Epigaea repens,1
352,Plant heigh,Epilobium angustifolium,1
352,Plant heigh,Epilobium leptophyllum,1
352,Plant heigh,Eragrostis cilianensis,1
352,Plant heigh,Eragrostis hypnoides,1
352,Plant heigh,Eragrostis pectinacea,1
352,Plant heigh,Erechtites hieracifolia,1
352,Plant heigh,Erigenia bulbosa,1
352,Plant heigh,Erigeron philadelphicus,1
352,Plant heigh,Erigeron pulchellus,1
352,Plant heigh,Erigeron strigosus,1
352,Plant heigh,Erodium botrys,2
352,Plant heigh,Erodium cicutarium,2
352,Plant heigh,Erythranthe glabrata,1
352,Plant heigh,Euonymus atropurpureus,1
352,Plant heigh,Eupatorium perfoliatum,1
352,Plant heigh,Euphorbia dentata,1
352,Plant heigh,Euphorbia glyptosperma,1
352,Plant heigh,Euphorbia maculata,1
352,Plant heigh,Euphorbia nutans,1
352,Plant heigh,Euthamia graminifolia,1
352,Plant heigh,Fagus grandifolia,1
352,Plant heigh,Festuca ovina,3
352,Plant heigh,Festuca rubra,3
352,Plant heigh,Filipendula ulmaria,1
352,Plant heigh,Fimbristylis pauciflora,1
352,Plant heigh,Floerkea proserpinacoides,1
352,Plant heigh,Fragaria vesca,3
352,Plant heigh,Fraxinus americana,1
352,Plant heigh,Fraxinus nigra,1
352,Plant heigh,Froelichia floridana,1
352,Plant heigh,Galearis spectabilis,1
352,Plant heigh,Galium aparine,2
352,Plant heigh,Galium concinnum,1
352,Plant heigh,Galium labradoricum,1
352,Plant heigh,Galium tinctorium,1
352,Plant heigh,Galium trifidum,1
352,Plant heigh,Galium verum,2
352,Plant heigh,Gaultheria procumbens,1
352,Plant heigh,Gaylussacia baccata,1
352,Plant heigh,Gentiana andrewsii,1
352,Plant heigh,Geranium carolinianum,1
352,Plant heigh,Geranium maculatum,1
352,Plant heigh,Geranium sanguineum,1
352,Plant heigh,Geum canadense,1
352,Plant heigh,Geum rivale,3
352,Plant heigh,Geum virginianum,1
352,Plant heigh,Glyceria borealis,1
352,Plant heigh,Glyceria canadensis,1
352,Plant heigh,Glyceria septentrionalis,1
352,Plant heigh,Glyceria striata,1
352,Plant heigh,Gnaphalium uliginosum,1
352,Plant heigh,Gratiola virginiana,1
352,Plant heigh,Helianthemum nummularium,2
352,Plant heigh,Helianthus annuus,1
352,Plant heigh,Helianthus giganteus,1
352,Plant heigh,Helianthus occidentalis,1
352,Plant heigh,Helianthus petiolaris,1
352,Plant heigh,Helictotrichon pubescens,1
352,Plant heigh,Heliopsis helianthoides,1
352,Plant heigh,Heracleum sphondylium,2
352,Plant heigh,Heteranthera dubia,1
352,Plant heigh,Hibiscus moschatus,1
352,Plant heigh,Hieracium gronovii,1
352,Plant heigh,Hieracium paniculatum,1
352,Plant heigh,Hieracium scabrum,1
352,Plant heigh,Hierochloe odorata,1
352,Plant heigh,Hippuris vulgaris,1
352,Plant heigh,Holcus lanatus,2
352,Plant heigh,Hordeum pusillum,1
352,Plant heigh,Houstonia canadensis,1
352,Plant heigh,Hylodesmum pauciflorum,1
352,Plant heigh,Hypericum boreale,1
352,Plant heigh,Hypericum gentianoides,1
352,Plant heigh,Hypericum kalmianum,1
352,Plant heigh,Hypericum majus,1
352,Plant heigh,Hypericum perforatum,3
352,Plant heigh,Hypericum prolificum,1
352,Plant heigh,Hypochaeris glabra,1
352,Plant heigh,Hypochaeris radicata,2
352,Plant heigh,Hypoxis hirsuta,1
352,Plant heigh,Ilex decidua,1
352,Plant heigh,Ilex opaca,1
352,Plant heigh,Inula helenium,1
352,Plant heigh,Ipomoea hederacea,1
352,Plant heigh,Iris versicolor,1
352,Plant heigh,Juglans cinerea,1
352,Plant heigh,Juglans nigra,1
352,Plant heigh,Juncus acuminatus,1
352,Plant heigh,Juncus articulatus,1
352,Plant heigh,Juncus balticus,1
352,Plant heigh,Juncus brachycarpus,1
352,Plant heigh,Juncus brevicaudatus,1
352,Plant heigh,Juncus canadensis,1
352,Plant heigh,Juncus greenei,1
352,Plant heigh,Juncus interior,1
352,Plant heigh,Juncus marginatus,1
352,Plant heigh,Juncus nodosus,1
352,Plant heigh,Juncus pelocarpus,1
352,Plant heigh,Juncus scirpoides,1
352,Plant heigh,Juncus squarrosus,1
352,Plant heigh,Juncus tenuis,1
352,Plant heigh,Kalmia polifolia,1
352,Plant heigh,Koeleria pyramidata,2
352,Plant heigh,Krigia virginica,1
352,Plant heigh,Kyllinga pumila,1
352,Plant heigh,Lactuca biennis,1
352,Plant heigh,Lactuca floridana,1
352,Plant heigh,Lactuca serriola,1
352,Plant heigh,Laportea canadensis,1
352,Plant heigh,Lappula squarrosa,1
352,Plant heigh,Lathyrus ochroleucus,1
352,Plant heigh,Lathyrus palustris,1
352,Plant heigh,Lathyrus pratensis,2
352,Plant heigh,Lathyrus vernus,1
352,Plant heigh,Lavandula latifolia,1
352,Plant heigh,Lechea stricta,1
352,Plant heigh,Lechea tenuifolia,1
352,Plant heigh,Leersia oryzoides,1
352,Plant heigh,Leontodon hispidus,1
352,Plant heigh,Leonurus cardiaca,1
352,Plant heigh,Lepidium campestre,1
352,Plant heigh,Lespedeza capitata,3
352,Plant heigh,Lespedeza hirta,1
352,Plant heigh,Lespedeza leptostachya,1
352,Plant heigh,Leucanthemum vulgare,2
352,Plant heigh,Liatris cylindracea,1
352,Plant heigh,Liatris spicata,1
352,Plant heigh,Lilium philadelphicum,1
352,Plant heigh,Lilium superbum,1
352,Plant heigh,Linaria vulgaris,1
352,Plant heigh,Linum catharticum,3
352,Plant heigh,Linum striatum,1
352,Plant heigh,Linum usitatissimum,1
352,Plant heigh,Linum virginianum,1
352,Plant heigh,Liparis loeselii,1
352,Plant heigh,Liquidambar styraciflua,1
352,Plant heigh,Liriodendron tulipifera,1
352,Plant heigh,Lithospermum canescens,1
352,Plant heigh,Lithospermum caroliniense,1
352,Plant heigh,Lithospermum latifolium,1
352,Plant heigh,Lobelia inflata,1
352,Plant heigh,Lobelia kalmii,1
352,Plant heigh,Lobelia siphilitica,1
352,Plant heigh,Lonicera dioica,1
352,Plant heigh,Lotus corniculatus,3
352,Plant heigh,Ludwigia palustris,1
352,Plant heigh,Lupinus perennis,2
352,Plant heigh,Luzula campestris,2
352,Plant heigh,Luzula comosa,1
352,Plant heigh,Luzula parviflora,2
352,Plant heigh,Lycopus uniflorus,1
352,Plant heigh,Lysimachia lanceolata,1
352,Plant heigh,Maianthemum canadense,1
352,Plant heigh,Malva sylvestris,1
352,Plant heigh,Marrubium vulgare,1
352,Plant heigh,Medeola virginiana,1
352,Plant heigh,Medicago lupulina,1
352,Plant heigh,Medicago polymorpha,1
352,Plant heigh,Melampyrum lineare,1
352,Plant heigh,Mentha arvensis,3
352,Plant heigh,Menyanthes trifoliata,1
352,Plant heigh,Mertensia ciliata,1
352,Plant heigh,Mimulus ringens,2
352,Plant heigh,Mitchella repens,1
352,Plant heigh,Molinia caerulea,1
352,Plant heigh,Mollugo verticillata,1
352,Plant heigh,Monarda fistulosa,2
352,Plant heigh,Monarda punctata,1
352,Plant heigh,Muhlenbergia mexicana,2
352,Plant heigh,Myosotis arvensis,1
352,Plant heigh,Myriophyllum heterophyllum,1
352,Plant heigh,Nardus stricta,1
352,Plant heigh,Neslia paniculata,1
352,Plant heigh,Nyssa sylvatica,2
352,Plant heigh,Oenothera biennis,4
352,Plant heigh,Oenothera curtiflora,1
352,Plant heigh,Oenothera fruticosa,1
352,Plant heigh,Oenothera rhombipetala,1
352,Plant heigh,Orchis psychodes,1
352,Plant heigh,Oryzopsis asperifolia,1
352,Plant heigh,Osmorhiza claytonii,1
352,Plant heigh,Oxalis corniculata,1
352,Plant heigh,Oxalis dillenii,1
352,Plant heigh,Oxalis violacea,1
352,Plant heigh,Oxybasis glauca,1
352,Plant heigh,Oxypolis rigidior,1
352,Plant heigh,Packera crawfordii,1
352,Plant heigh,Packera plattensis,1
352,Plant heigh,Panax quinquefolius,1
352,Plant heigh,Panicum aciculare,1
352,Plant heigh,Panicum acuminatum,7
352,Plant heigh,Panicum agrostoides,1
352,Plant heigh,Panicum capillare,2
352,Plant heigh,Panicum dichotomiflorum,1
352,Plant heigh,Panicum dichotomum,1
352,Plant heigh,Panicum flexile,1
352,Plant heigh,Panicum miliaceum,1
352,Plant heigh,Panicum oligosanthes,1
352,Plant heigh,Panicum ovale,2
352,Plant heigh,Panicum virgatum,1
352,Plant heigh,Parthenium integrifolium,1
352,Plant heigh,Pastinaca sativa,2
352,Plant heigh,Pedicularis canadensis,1
352,Plant heigh,Penstemon laevigatus,1
352,Plant heigh,Persicaria hydropiper,1
352,Plant heigh,Persicaria punctata,1
352,Plant heigh,Persicaria virginiana,1
352,Plant heigh,Phleum pratense,1
352,Plant heigh,Phlox bifida,1
352,Plant heigh,Phlox maculata,1
352,Plant heigh,Photinia melanocarpa,1
352,Plant heigh,Phragmites australis,1
352,Plant heigh,Physalis lanceolata,1
352,Plant heigh,Physalis pruinosa,1
352,Plant heigh,Physalis pubescens,1
352,Plant heigh,Physalis virginiana,1
352,Plant heigh,Phytolacca americana,1
352,Plant heigh,Pilea pumila,1
352,Plant heigh,Pilosella officinarum,2
352,Plant heigh,Pimpinella saxifraga,2
352,Plant heigh,Piptatheropsis pungens,1
352,Plant heigh,Plantago lanceolata,5
352,Plant heigh,Platanthera clavellata,1
352,Plant heigh,Platanthera flava,1
352,Plant heigh,Platanthera hookeri,1
352,Plant heigh,Platanthera lacera,1
352,Plant heigh,Platanthera leucophaea,1
352,Plant heigh,Platanus occidentalis,1
352,Plant heigh,Poa nemoralis,1
352,Plant heigh,Poa palustris,1
352,Plant heigh,Poa pratensis,1
352,Plant heigh,Pogonia ophioglossoides,1
352,Plant heigh,Polygala cruciata,1
352,Plant heigh,Polygala polygama,1
352,Plant heigh,Polygala sanguinea,1
352,Plant heigh,Polygala senega,1
352,Plant heigh,Polygala verticillata,1
352,Plant heigh,Polygala vulgaris,2
352,Plant heigh,Polygaloides paucifolia,1
352,Plant heigh,Polygonatum biflorum,1
352,Plant heigh,Polygonum articulatum,1
352,Plant heigh,Polygonum aviculare,1
352,Plant heigh,Polygonum ramosissimum,1
352,Plant heigh,Polygonum tenue,1
352,Plant heigh,Populus deltoides,1
352,Plant heigh,Potentilla canadensis,1
352,Plant heigh,Potentilla erecta,3
352,Plant heigh,Primula veris,2
352,Plant heigh,Prunella vulgaris,3
352,Plant heigh,Prunus pensylvanica,1
352,Plant heigh,Prunus pumila,1
352,Plant heigh,Prunus serotina,1
352,Plant heigh,Prunus virginiana,1
352,Plant heigh,Pseudognaphalium obtusifolium,1
352,Plant heigh,Ptelea trifoliata,1
352,Plant heigh,Purshia tridentata,1
352,Plant heigh,Pycnanthemum flexuosum,1
352,Plant heigh,Quercus alba,1
352,Plant heigh,Quercus bicolor,1
352,Plant heigh,Quercus macrocarpa,1
352,Plant heigh,Quercus michauxii,1
352,Plant heigh,Quercus nigra,1
352,Plant heigh,Ranunculus abortivus,1
352,Plant heigh,Ranunculus acris,3
352,Plant heigh,Ranunculus fascicularis,1
352,Plant heigh,Ranunculus pensylvanicus,1
352,Plant heigh,Ranunculus recurvatus,1
352,Plant heigh,Ranunculus sceleratus,1
352,Plant heigh,Rhexia virginica,1
352,Plant heigh,Rhinanthus minor,2
352,Plant heigh,Rhus glabra,1
352,Plant heigh,Rhynchospora alba,1
352,Plant heigh,Rhynchospora macrostachya,1
352,Plant heigh,Rhynchospora nitens,1
352,Plant heigh,Rhynchospora scirpoides,1
352,Plant heigh,Ribes americanum,1
352,Plant heigh,Ribes cynosbati,1
352,Plant heigh,Ribes hirtellum,1
352,Plant heigh,Rosa carolina,2
352,Plant heigh,Rosa dumalis_x,1
352,Plant heigh,Rosa palustris,1
352,Plant heigh,Rotala ramosior,1
352,Plant heigh,Rubus allegheniensis,2
352,Plant heigh,Rubus canadensis,1
352,Plant heigh,Rubus hispidus,1
352,Plant heigh,Rubus idaeus,1
352,Plant heigh,Rudbeckia laciniata,1
352,Plant heigh,Rumex acetosa,5
352,Plant heigh,Rumex britannica,1
352,Plant heigh,Rumex obtusifolius,1
352,Plant heigh,Sabatia angularis,1
352,Plant heigh,Sabulina macra,1
352,Plant heigh,Salix amygdaloides,1
352,Plant heigh,Salix cordata,2
352,Plant heigh,Salix discolor,1
352,Plant heigh,Salix interior,1
352,Plant heigh,Salix lucida,1
352,Plant heigh,Salix nigra,1
352,Plant heigh,Salvia rosmarinus,1
352,Plant heigh,Sambucus canadensis,1
352,Plant heigh,Sambucus racemosa,1
352,Plant heigh,Sanicula gregaria,1
352,Plant heigh,Sanicula marylandica,1
352,Plant heigh,Saxifraga tridactylites,1
352,Plant heigh,Schizachyrium condensatum,1
352,Plant heigh,Schizachyrium scoparium,1
352,Plant heigh,Schoenoplectus subterminalis,1
352,Plant heigh,Scirpus atrovirens,1
352,Plant heigh,Scirpus cyperinus,1
352,Plant heigh,Scirpus lineatus,1
352,Plant heigh,Scirpus polyphyllus,1
352,Plant heigh,Scleria triglomerata,1
352,Plant heigh,Scleria verticillata,1
352,Plant heigh,Scorzoneroides autumnalis,2
352,Plant heigh,Scrophularia lanceolata,1
352,Plant heigh,Senecio aureus,1
352,Plant heigh,Senna marilandica,1
352,Plant heigh,Seriphidium mendozanum,1
352,Plant heigh,Silene gallica,1
352,Plant heigh,Silene latifolia,1
352,Plant heigh,Silene noctiflora,1
352,Plant heigh,Sisymbrium altissimum,1
352,Plant heigh,Sisyrinchium atlanticum,1
352,Plant heigh,Smilax ecirrhata,1
352,Plant heigh,Solanum dulcamara,1
352,Plant heigh,Solanum nigrum,1
352,Plant heigh,Solanum rostratum,1
352,Plant heigh,Solidago canadensis,2
352,Plant heigh,Solidago gigantea,1
352,Plant heigh,Solidago humilis,1
352,Plant heigh,Solidago juncea,1
352,Plant heigh,Solidago nemoralis,3
352,Plant heigh,Solidago rugosa,2
352,Plant heigh,Solidago ulmifolia,1
352,Plant heigh,Sonchus arvensis,1
352,Plant heigh,Sorghastrum nutans,3
352,Plant heigh,Sphenopholis pallens_x,1
352,Plant heigh,Spiranthes cernua,1
352,Plant heigh,Sporobolus cryptandrus,1
352,Plant heigh,Sporobolus heterolepis,1
352,Plant heigh,Sporobolus michauxianus,1
352,Plant heigh,Stachys palustris,1
352,Plant heigh,Stachys sylvatica,1
352,Plant heigh,Stachys tenuifolia,1
352,Plant heigh,Stellaria media,1
352,Plant heigh,Stenandrium tenuifolia,1
352,Plant heigh,Stipa capensis,1
352,Plant heigh,Stipa tenacissima,1
352,Plant heigh,Succisa pratensis,3
352,Plant heigh,Symphyotrichum ericoides,2
352,Plant heigh,Symphyotrichum lateriflorum,1
352,Plant heigh,Symphyotrichum novi-belgii,1
352,Plant heigh,Symphyotrichum puniceum,1
352,Plant heigh,Symphyotrichum tradescantii,1
352,Plant heigh,Symplocarpus foetidus,1
352,Plant heigh,Taraxacum campylodes,1
352,Plant heigh,Teucrium canadense,1
352,Plant heigh,Thalictrum revolutum,1
352,Plant heigh,Tilia americana,1
352,Plant heigh,Tolpis barbata,1
352,Plant heigh,Tomostima reptans,1
352,Plant heigh,Torilis japonica,1
352,Plant heigh,Tradescantia virginiana,1
352,Plant heigh,Tragopogon dubius,2
352,Plant heigh,Triantha glutinosa,1
352,Plant heigh,Trientalis borealis,1
352,Plant heigh,Trifolium hybridum,1
352,Plant heigh,Trifolium pratense,2
352,Plant heigh,Trifolium repens,4
352,Plant heigh,Trillium grandiflorum,1
352,Plant heigh,Trillium sessile,1
352,Plant heigh,Triosteum perfoliatum,1
352,Plant heigh,Tuberaria guttata,1
352,Plant heigh,Ulex europaeus,1
352,Plant heigh,Ulmus americana,2
352,Plant heigh,Utricularia cornuta,1
352,Plant heigh,Utricularia gibba,1
352,Plant heigh,VACCINIUM VITIS-IDAEA,1
352,Plant heigh,Vaccinium atrococcum,1
352,Plant heigh,Vaccinium corymbosum,1
352,Plant heigh,Vaccinium myrtillus,1
352,Plant heigh,Vaccinium pennsylvanicum,1
352,Plant heigh,Verbena hastata,1
352,Plant heigh,Verbena stricta,2
352,Plant heigh,Verbena urticifolia,1
352,Plant heigh,Veronica arvensis,3
352,Plant heigh,Veronica grandiflora,1
352,Plant heigh,Veronica peregrina,1
352,Plant heigh,Veronica scutellata,1
352,Plant heigh,Viburnum prunifolium,1
352,Plant heigh,Vicia sepium,1
352,Plant heigh,Vicia villosa,1
352,Plant heigh,Viola blanda,1
352,Plant heigh,Viola pubescens,1
352,Plant heigh,Viola riviniana,1
352,Plant heigh,Viola striata,1
352,Plant heigh,Vitis aestivalis,1
352,Plant heigh,Vitis labrusca,1
352,Plant heigh,Vitis vulpina,1
352,Plant heigh,Vulpia myuros,1
352,Plant heigh,Vulpia octoflora,1
352,Plant heigh,Yucca baccata,1
352,Plant heigh,Yucca elata,1
352,Plant heigh,Yucca glauca,1
352,Plant heigh,Zanthoxylum americanum,1
457,Plant heigh,Agrostis rupestris,10
457,Plant heigh,Alchemilla pentaphyllea,10
457,Plant heigh,Carex curvula,10
457,Plant heigh,Jacobaea erucifolia,5
457,Plant heigh,Luzula spicata,10
457,Plant heigh,Oreochloa disticha,10
457,Plant heigh,Oxygraphis glacialis,10
457,Plant heigh,Phyteuma hemisphaericum,10
457,Plant heigh,Sagina saginoides,10
457,Plant heigh,Scorzoneroides helvetica,10
457,Plant heigh,Sedum alpestre,10
457,Plant heigh,Sibbaldia procumbens,2
457,Plant heigh,Soldanella pusilla,10
457,Plant heigh,Taraxacum alpinum,10
497,Leaf Area,ALISMA PLANTAGO-AQUATICA,1
497,Leaf Area,ARCTOSTAPHYLOS UVA-URSI,2
497,Leaf Area,Abies alba,1
497,Leaf Area,Abies grandis,2
497,Leaf Area,Abies lasiocarpa,1
497,Leaf Area,Acer circinatum,1
497,Leaf Area,Acer grandidentatum,1
497,Leaf Area,Acer macrophyllum,2
497,Leaf Area,Acer monspessulanum,1
497,Leaf Area,Acer negundo,2
497,Leaf Area,Acer pensylvanicum,7
497,Leaf Area,Acer platanoides,3
497,Leaf Area,Acer pseudoplatanus,2
497,Leaf Area,Acer rubrum,16
497,Leaf Area,Acer saccharinum,1
497,Leaf Area,Acer saccharum,11
497,Leaf Area,Acer saccharum subsp. nigrum,1
497,Leaf Area,Acer spicatum,2
497,Leaf Area,Achillea millefolium,2
497,Leaf Area,Adenostoma fasciculatum,1
497,Leaf Area,Aegilops geniculata,1
497,Leaf Area,Aegilops triuncialis,1
497,Leaf Area,Aegopodium podagraria,2
497,Leaf Area,Aesculus californica,1
497,Leaf Area,Aesculus flava,2
497,Leaf Area,Aesculus hippocastanum,1
497,Leaf Area,Ageratina altissima,1
497,Leaf Area,Ageratina liebmannii,1
497,Leaf Area,Agrimonia pubescens,1
497,Leaf Area,Agropyron sp,1
497,Leaf Area,Agrostis canina,1
497,Leaf Area,Ailanthus altissima,1
497,Leaf Area,Allium cernuum,1
497,Leaf Area,Allium roseum,1
497,Leaf Area,Allium rubens,1
497,Leaf Area,Allium strictum,1
497,Leaf Area,Allium vineale,1
497,Leaf Area,Alnus glutinosa,2
497,Leaf Area,Alnus incana,2
497,Leaf Area,Alnus rhombifolia,1
497,Leaf Area,Alnus serrulata,1
497,Leaf Area,Alyssum simplex,1
497,Leaf Area,Ambrosia artemisiifolia,1
497,Leaf Area,Ambrosia dumosa,1
497,Leaf Area,Ambrosia eriocentra,1
497,Leaf Area,Ambrosia monogyra,1
497,Leaf Area,Ambrosia salsola,2
497,Leaf Area,Amelanchier arborea,1
497,Leaf Area,Amelanchier canadensis,1
497,Leaf Area,Amelanchier laevis,4
497,Leaf Area,Amelanchier spicata,1
497,Leaf Area,Amelanchier utahensis,2
497,Leaf Area,Amorpha sp,1
497,Leaf Area,Anagallis arvensis,1
497,Leaf Area,Andromeda glaucophylla,1
497,Leaf Area,Andromeda polifolia,2
497,Leaf Area,Andropogon gerardii,1
497,Leaf Area,Andropogon virginicus,1
497,Leaf Area,Andryala ragusina,1
497,Leaf Area,Anemone hepatica,2
497,Leaf Area,Anemone virginiana,2
497,Leaf Area,Angelica sylvestris,1
497,Leaf Area,Angiospermae sp,1
497,Leaf Area,Antennaria dioica,1
497,Leaf Area,Anthoxanthum odoratum,2
497,Leaf Area,Anthriscus sylvestris,2
497,Leaf Area,Anthyllis cytisoides,1
497,Leaf Area,Aplectrum hyemale,1
497,Leaf Area,Aralia racemosa,1
497,Leaf Area,Aralia spinosa,1
497,Leaf Area,Arbutus andrachne,1
497,Leaf Area,Arbutus menziesii,1
497,Leaf Area,Arbutus unedo,4
497,Leaf Area,Arctium tomentosum,2
497,Leaf Area,Arctostaphylos alpinus,1
497,Leaf Area,Arctostaphylos tomentosa,1
497,Leaf Area,Arenaria serpyllifolia,1
497,Leaf Area,Arisaema dracontium,1
497,Leaf Area,Arisaema triphyllum,2
497,Leaf Area,Arrhenatherum elatius,1
497,Leaf Area,Artemisia absinthium,1
497,Leaf Area,Artemisia californica,1
497,Leaf Area,Artemisia herba-alba,1
497,Leaf Area,Artemisia tridentata,1
497,Leaf Area,Artemisia vulgaris,1
497,Leaf Area,Asarum canadense,1
497,Leaf Area,Asarum europaeum,1
497,Leaf Area,Asclepias quadrifolia,1
497,Leaf Area,Asclepias syriaca,1
497,Leaf Area,Asimina triloba,4
497,Leaf Area,Asparagus albus,1
497,Leaf Area,Asparagus horridus,1
497,Leaf Area,Asperula hirsuta,1
497,Leaf Area,Asphodelus albus,1
497,Leaf Area,Asphodelus fistulosus,1
497,Leaf Area,Aster amellus,1
497,Leaf Area,Aster paniculatus,1
497,Leaf Area,Asteraceae sp,1
497,Leaf Area,Astragalus alpinus,1
497,Leaf Area,Astragalus canadensis,1
497,Leaf Area,Astragalus frigidus,1
497,Leaf Area,Astragalus hamosus,1
497,Leaf Area,Atractylis cancellata,1
497,Leaf Area,Atriplex canescens,1
497,Leaf Area,Avena barbata,1
497,Leaf Area,Baccharis angustifolia,1
497,Leaf Area,Baccharis pilularis,1
497,Leaf Area,Baccharis sergiloides,1
497,Leaf Area,Baptisia bracteata,1
497,Leaf Area,Bartsia alpina,1
497,Leaf Area,Bebbia juncea,1
497,Leaf Area,Berberis vulgaris,2
497,Leaf Area,Berchemia scandens,1
497,Leaf Area,Betula alleghaniensis,5
497,Leaf Area,Betula humilis,1
497,Leaf Area,Betula lenta,6
497,Leaf Area,Betula nana,2
497,Leaf Area,Betula nigra,5
497,Leaf Area,Betula occidentalis,1
497,Leaf Area,Betula papyrifera,4
497,Leaf Area,Betula pendula,3
497,Leaf Area,Betula populifolia,3
497,Leaf Area,Betula pubescens,3
497,Leaf Area,Betula pumila,1
497,Leaf Area,Betulaceae sp,1
497,Leaf Area,Bidens aristosa,1
497,Leaf Area,Bidens bipinnata,1
497,Leaf Area,Bidens comosa,1
497,Leaf Area,Bidens frondosa,1
497,Leaf Area,Bistorta bistortoides,1
497,Leaf Area,Bistorta officinalis,1
497,Leaf Area,Bistorta vivipara,1
497,Leaf Area,Bituminaria bituminosa,1
497,Leaf Area,Bothriochloa ischaemum,1
497,Leaf Area,Brachypodium distachyon,2
497,Leaf Area,Brachypodium phoenicoides,3
497,Leaf Area,Brachypodium pinnatum,1
497,Leaf Area,Brachypodium retusum,1
497,Leaf Area,Brassica fruticulosa,1
497,Leaf Area,Brassica oleracea,1
497,Leaf Area,Brickellia californica,1
497,Leaf Area,Brickellia eupatorioides,1
497,Leaf Area,Bromus erectus,2
497,Leaf Area,Bromus hordeaceus,1
497,Leaf Area,Bromus lanceolatus,2
497,Leaf Area,Bromus madritensis,2
497,Leaf Area,Buddleja davidii,1
497,Leaf Area,Bunias orientalis,1
497,Leaf Area,Bupleurum rigidum,1
497,Leaf Area,Buxus sempervirens,2
497,Leaf Area,CAPSELLA BURSA-PASTORIS,1
497,Leaf Area,Calamagrostis lapponica,1
497,Leaf Area,Calla palustris,1
497,Leaf Area,Calluna vulgaris,3
497,Leaf Area,Caltha leptosepala,1
497,Leaf Area,Caltha palustris,2
497,Leaf Area,Calystegia sepium,1
497,Leaf Area,Camassia scilloides,1
497,Leaf Area,Campanula americana,1
497,Leaf Area,Campanula sibirica,1
497,Leaf Area,Cardamine bulbosa,1
497,Leaf Area,Cardamine concatenata,2
497,Leaf Area,Cardamine diphylla,1
497,Leaf Area,Carex flacca,1
497,Leaf Area,Carex halleriana,1
497,Leaf Area,Carex lasiocarpa,1
497,Leaf Area,Carex nigra,1
497,Leaf Area,Carex panicea,1
497,Leaf Area,Carex pilulifera,1
497,Leaf Area,Carex rostrata,1
497,Leaf Area,Carex saxatilis,1
497,Leaf Area,Carex vaginata,1
497,Leaf Area,Caroxylon vermiculatum,1
497,Leaf Area,Carpinus betulus,1
497,Leaf Area,Carpinus caroliniana,11
497,Leaf Area,Carrichtera annua,1
497,Leaf Area,Carthamus lanatus,1
497,Leaf Area,Carya alba,3
497,Leaf Area,Carya cordiformis,1
497,Leaf Area,Carya glabra,2
497,Leaf Area,Carya ovata,3
497,Leaf Area,Carya pallida,1
497,Leaf Area,Cassiope tetragona,1
497,Leaf Area,Castanea dentata,4
497,Leaf Area,Castanea sativa,1
497,Leaf Area,Catananche caerulea,1
497,Leaf Area,Catapodium rigidum,1
497,Leaf Area,Ceanothus cuneatus,1
497,Leaf Area,Ceanothus cuneatus var. cuneatus,1
497,Leaf Area,Ceanothus oliganthus,1
497,Leaf Area,Ceanothus velutinus,1
497,Leaf Area,Celastrus scandens,1
497,Leaf Area,Celtis laevigata,1
497,Leaf Area,Celtis occidentalis,4
497,Leaf Area,Celtis tenuifolia,1
497,Leaf Area,Cenchrus longispinus,1
497,Leaf Area,Centaurea jacea,3
497,Leaf Area,Centaurea melitensis,1
497,Leaf Area,Centaurea nigra,1
497,Leaf Area,Cephalanthus occidentalis,1
497,Leaf Area,Cephalaria leucantha,1
497,Leaf Area,Cerastium fontanum,1
497,Leaf Area,Ceratonia siliqua,1
497,Leaf Area,Cercis canadensis,5
497,Leaf Area,Cercocarpus montanus,1
497,Leaf Area,Chamaecrista fasciculata,1
497,Leaf Area,Chamaedaphne calyculata,2
497,Leaf Area,Chamaerops humilis,1
497,Leaf Area,Chenopodium album,1
497,Leaf Area,Chilopsis linearis,1
497,Leaf Area,Chionanthus virginicus,3
497,Leaf Area,Chrysolepis chrysophylla,1
497,Leaf Area,Chrysosplenium alternifolium,1
497,Leaf Area,Cichorium intybus,1
497,Leaf Area,Cinna arundinacea,1
497,Leaf Area,Cirsium arvense,2
497,Leaf Area,Cirsium dissectum,1
497,Leaf Area,Cirsium oleraceum,1
497,Leaf Area,Cirsium vulgare,1
497,Leaf Area,Cistus albidus,2
497,Leaf Area,Cistus clusii,1
497,Leaf Area,Cistus incanus,1
497,Leaf Area,Cistus ladanifer,2
497,Leaf Area,Cistus laurifolius,1
497,Leaf Area,Cistus libanotis,1
497,Leaf Area,Cistus monspeliensis,1
497,Leaf Area,Cistus populifolius,1
497,Leaf Area,Cistus salviifolius,2
497,Leaf Area,Clappia suaedifolia,1
497,Leaf Area,Claytonia virginica,2
497,Leaf Area,Clethra sp,1
497,Leaf Area,Clinopodium nepeta,1
497,Leaf Area,Collinsia verna,1
497,Leaf Area,Collinsonia canadensis,2
497,Leaf Area,Comandra umbellata,1
497,Leaf Area,Comptonia peregrina,1
497,Leaf Area,Convallaria majalis,2
497,Leaf Area,Convolvulus althaeoides,1
497,Leaf Area,Convolvulus siculus,1
497,Leaf Area,Coris monspeliensis,1
497,Leaf Area,Cornus alternifolia,1
497,Leaf Area,Cornus amomum,3
497,Leaf Area,Cornus florida,11
497,Leaf Area,Cornus glabrata,1
497,Leaf Area,Cornus nuttallii,1
497,Leaf Area,Cornus racemosa,1
497,Leaf Area,Cornus sanguinea,2
497,Leaf Area,Cornus sericea,2
497,Leaf Area,Cornus sp,2
497,Leaf Area,Cornus suecica,1
497,Leaf Area,Corylus americana,1
497,Leaf Area,Corylus avellana,4
497,Leaf Area,Corylus cornuta,1
497,Leaf Area,Cota tinctoria,1
497,Leaf Area,Cotoneaster integerrimus,1
497,Leaf Area,Crasulaceae sp,1
497,Leaf Area,Crataegus monogyna,4
497,Leaf Area,Crataegus rhipidophylla,1
497,Leaf Area,Crataegus sp,5
497,Leaf Area,Crepis paludosa,1
497,Leaf Area,Crepis vesicaria,1
497,Leaf Area,Croton capitatus,1
497,Leaf Area,Croton monanthogynus,1
497,Leaf Area,Cruciata laevipes,1
497,Leaf Area,Cucurbita foetidissima,1
497,Leaf Area,Cyperus esculentus,1
497,Leaf Area,Dactylis glomerata,3
497,Leaf Area,Dactylorhiza maculata,1
497,Leaf Area,Danthonia decumbens,1
497,Leaf Area,Daphne mezereum,2
497,Leaf Area,Delphinium gracile,1
497,Leaf Area,Delphinium tricorne,1
497,Leaf Area,Deschampsia cespitosa,1
497,Leaf Area,Deschampsia flexuosa,1
497,Leaf Area,Dianthus acicularis,1
497,Leaf Area,Dianthus chinensis,1
497,Leaf Area,Dianthus cintranus,1
497,Leaf Area,Dicentra canadensis,1
497,Leaf Area,Dicentra cucullaria,1
497,Leaf Area,Digitalis grandiflora,1
497,Leaf Area,Diospyros virginiana,1
497,Leaf Area,Dipcadi serotinum,1
497,Leaf Area,Diplacus aurantiacus,1
497,Leaf Area,Dirca occidentalis,1
497,Leaf Area,Dirca palustris,1
497,Leaf Area,Doellingeria umbellata,1
497,Leaf Area,Drosera rotundifolia,1
497,Leaf Area,Dryas octopetala,2
497,Leaf Area,Echinacea purpurea,1
497,Leaf Area,Echinochloa crus-galli,1
497,Leaf Area,Echinops ritro,2
497,Leaf Area,Echinops sphaerocephalus,1
497,Leaf Area,Echium creticum,1
497,Leaf Area,Elaeagnus angustifolia,1
497,Leaf Area,Elymus canadensis,1
497,Leaf Area,Elymus hystrix,1
497,Leaf Area,Elymus repens,1
497,Leaf Area,Empetrum nigrum,2
497,Leaf Area,Encelia farinosa,1
497,Leaf Area,Encelia virginensis,1
497,Leaf Area,Endotropis crocea,1
497,Leaf Area,Enemion biternatum,1
497,Leaf Area,Epilobium angustifolium,2
497,Leaf Area,Epilobium ciliatum,1
497,Leaf Area,Epilobium hirsutum,1
497,Leaf Area,Epilobium montanum,1
497,Leaf Area,Epipactis helleborine,1
497,Leaf Area,Eremogone macradenia,1
497,Leaf Area,Erica cinerea,1
497,Leaf Area,Erica scoparia,1
497,Leaf Area,Erica tetralix,1
497,Leaf Area,Ericameria nauseosa,1
497,Leaf Area,Erigenia bulbosa,1
497,Leaf Area,Erigeron glaucus,1
497,Leaf Area,Erigeron rufescens,1
497,Leaf Area,Erigeron strigosus,1
497,Leaf Area,Eriodictyon californicum,1
497,Leaf Area,Eriophorum angustifolium,1
497,Leaf Area,Erodium cicutarium,1
497,Leaf Area,Eryngium campestre,2
497,Leaf Area,Erythronium albidum,1
497,Leaf Area,Erythronium americanum,2
497,Leaf Area,Euonymus atropurpureus,1
497,Leaf Area,Euonymus europaeus,2
497,Leaf Area,Euonymus obovatus,2
497,Leaf Area,Eupatorium altissimum,2
497,Leaf Area,Eupatorium cannabinum,1
497,Leaf Area,Eupatorium maculatum,1
497,Leaf Area,Eupatorium perfoliatum,1
497,Leaf Area,Euphorbia corollata,1
497,Leaf Area,Euphorbia dentata,1
497,Leaf Area,Euphorbia maculata,1
497,Leaf Area,Euphorbia segetalis,1
497,Leaf Area,Euphorbia serrata,1
497,Leaf Area,Euphrasia frigida,1
497,Leaf Area,Fagonia cretica,1
497,Leaf Area,Fagus grandifolia,12
497,Leaf Area,Fagus sylvatica,2
497,Leaf Area,Fallopia convolvulus,1
497,Leaf Area,Festuca ovina,1
497,Leaf Area,Festuca rubra,2
497,Leaf Area,Ficus carica,1
497,Leaf Area,Filago pyramidata,1
497,Leaf Area,Filipendula ulmaria,2
497,Leaf Area,Floerkea proserpinacoides,1
497,Leaf Area,Fragaria vesca,1
497,Leaf Area,Frangula alnus,1
497,Leaf Area,Frangula californica,1
497,Leaf Area,Frankenia thymifolia,1
497,Leaf Area,Fraxinus americana,5
497,Leaf Area,Fraxinus angustifolia,1
497,Leaf Area,Fraxinus anomala,1
497,Leaf Area,Fraxinus excelsior,2
497,Leaf Area,Fraxinus ornus,1
497,Leaf Area,Fraxinus quadrangulata,1
497,Leaf Area,Fraxinus velutina,1
497,Leaf Area,Fumana ericoides,1
497,Leaf Area,Fumana laevipes,1
497,Leaf Area,Fumana thymifolia,1
497,Leaf Area,Galearis spectabilis,1
497,Leaf Area,Galeopsis tetrahit,1
497,Leaf Area,Galium aparine,3
497,Leaf Area,Galium boreale,1
497,Leaf Area,Galium circaezans,2
497,Leaf Area,Galium mollugo,1
497,Leaf Area,Galium triflorum,2
497,Leaf Area,Galium verrucosum,1
497,Leaf Area,Galium verum,1
497,Leaf Area,Gaultheria shallon,1
497,Leaf Area,Genista anglica,1
497,Leaf Area,Genista ramosissima,1
497,Leaf Area,Genista spartioides,1
497,Leaf Area,Genista tinctoria,1
497,Leaf Area,Genista umbellata,1
497,Leaf Area,Gentianella quinquefolia,1
497,Leaf Area,Geranium bicknellii,1
497,Leaf Area,Geranium maculatum,1
497,Leaf Area,Geranium sylvaticum,1
497,Leaf Area,Geum rossii,1
497,Leaf Area,Glaucium flavum,1
497,Leaf Area,Glechoma hederacea,1
497,Leaf Area,Gleditsia triacanthos,1
497,Leaf Area,Gratiola virginiana,1
497,Leaf Area,Greggia camporum var. linearifolia,1
497,Leaf Area,Gutierrezia microcephala,1
497,Leaf Area,Gutierrezia sarothrae,1
497,Leaf Area,Gymnocarpium dryopteris,1
497,Leaf Area,Gymnocladus dioica,1
497,Leaf Area,Hackelia virginiana,1
497,Leaf Area,Halesia carolina,1
497,Leaf Area,Halesia sp,1
497,Leaf Area,Halimium calycinum,1
497,Leaf Area,Halimium halimifolium,1
497,Leaf Area,Halimium umbellatum,1
497,Leaf Area,Hamamelis virginiana,8
497,Leaf Area,Haplophyllum linifolium,1
497,Leaf Area,Hedera helix,1
497,Leaf Area,Helianthemum almeriense,1
497,Leaf Area,Helianthemum cinereum,1
497,Leaf Area,Helianthemum nummularium,2
497,Leaf Area,Helianthemum pilosum,1
497,Leaf Area,Helianthus hirsutus,1
497,Leaf Area,Helianthus microcephalus,1
497,Leaf Area,Helichrysum stoechas,1
497,Leaf Area,Helictotrichon bromoides,2
497,Leaf Area,Helictotrichon pubescens,1
497,Leaf Area,Heracleum sosnowskyi,1
497,Leaf Area,Herniaria glabra,1
497,Leaf Area,Heteromeles arbutifolia,1
497,Leaf Area,Heuchera americana,1
497,Leaf Area,Hieracium scabrum,1
497,Leaf Area,Hippophae rhamnoides,1
497,Leaf Area,Holcus lanatus,2
497,Leaf Area,Holodiscus discolor,2
497,Leaf Area,Hordeum murinum,1
497,Leaf Area,Hydrangea arborescens,2
497,Leaf Area,Hydrophyllum appendiculatum,2
497,Leaf Area,Hydrophyllum canadense,1
497,Leaf Area,Hydrophyllum virginianum,1
497,Leaf Area,Hylodesmum pauciflorum,1
497,Leaf Area,Hylotelephium telephium,1
497,Leaf Area,Hyoscyamus niger,1
497,Leaf Area,Hypericum perforatum,1
497,Leaf Area,Hypericum prolificum,1
497,Leaf Area,Hypochaeris radicata,1
497,Leaf Area,IMPATIENS NOLI-TANGERE,1
497,Leaf Area,Ilex aquifolium,1
497,Leaf Area,Ilex decidua,3
497,Leaf Area,Ilex mucronata,1
497,Leaf Area,Ilex opaca,5
497,Leaf Area,Ilex verticillata,7
497,Leaf Area,Impatiens capensis,2
497,Leaf Area,Impatiens pallida,1
497,Leaf Area,Jacobaea vulgaris,1
497,Leaf Area,Jeffersonia diphylla,1
497,Leaf Area,Juglans cinerea,1
497,Leaf Area,Juglans nigra,4
497,Leaf Area,Juglans regia,1
497,Leaf Area,Juncus arcticus,1
497,Leaf Area,Juncus subnodulosus,1
497,Leaf Area,Juncus trifidus,1
497,Leaf Area,Juniperus communis,2
497,Leaf Area,Juniperus monosperma,1
497,Leaf Area,Juniperus oxycedrus,1
497,Leaf Area,Juniperus virginiana,2
497,Leaf Area,Kalmia latifolia,6
497,Leaf Area,Klasea flavescens,1
497,Leaf Area,Knautia arvensis,1
497,Leaf Area,Koeleria pyramidata,1
497,Leaf Area,Krigia biflora,1
497,Leaf Area,Laburnum anagyroides,1
497,Leaf Area,Lactuca ludoviciana,1
497,Leaf Area,Lactuca serriola,1
497,Leaf Area,Lamium galeobdolon,1
497,Leaf Area,Laportea canadensis,1
497,Leaf Area,Larix decidua,2
497,Leaf Area,Larix laricina,1
497,Leaf Area,Larrea tridentata,1
497,Leaf Area,Lasthenia californica,1
497,Leaf Area,Lathyrus clymenum,1
497,Leaf Area,Lathyrus pratensis,1
497,Leaf Area,Lathyrus vernus,1
497,Leaf Area,Launaea arborescens,1
497,Leaf Area,Launaea lanifera,1
497,Leaf Area,Laurus nobilis,1
497,Leaf Area,Lavandula latifolia,1
497,Leaf Area,Lavandula multifida,1
497,Leaf Area,Lavandula stoechas,2
497,Leaf Area,Ledum palustre subsp. groenlandicum,1
497,Leaf Area,Leersia oryzoides,1
497,Leaf Area,Lemna minor,1
497,Leaf Area,Leontodon hispidus,1
497,Leaf Area,Leontodon rhagadioloides,1
497,Leaf Area,Lepechinia calycina,1
497,Leaf Area,Lepidium ruderale,1
497,Leaf Area,Lessingia sp,1
497,Leaf Area,Leucanthemum vulgare,3
497,Leaf Area,Ligularia wilsoniana,1
497,Leaf Area,Ligustrum vulgare,1
497,Leaf Area,Lilium martagon,1
497,Leaf Area,Limonium insigne,1
497,Leaf Area,Limonium lobatum,1
497,Leaf Area,Limonium sinuatum,1
497,Leaf Area,Linanthus sp,1
497,Leaf Area,Lindera benzoin,4
497,Leaf Area,Lindernia dubia,1
497,Leaf Area,Linnaea borealis,1
497,Leaf Area,Linum strictum,1
497,Leaf Area,Liquidambar styraciflua,7
497,Leaf Area,Liriodendron tulipifera,11
497,Leaf Area,Lithospermum canescens,1
497,Leaf Area,Litsea aestivalis,1
497,Leaf Area,Lobelia inflata,1
497,Leaf Area,Lobelia siphilitica,2
497,Leaf Area,Lobelia spicata,1
497,Leaf Area,Lobularia maritima,1
497,Leaf Area,Lolium rigidum,1
497,Leaf Area,Lonicera bella,1
497,Leaf Area,Lonicera caerulea,1
497,Leaf Area,Lonicera dioica,1
497,Leaf Area,Lonicera hispidula,1
497,Leaf Area,Lonicera periclymenum,1
497,Leaf Area,Lonicera xylosteum,2
497,Leaf Area,Lotus cinereum,1
497,Leaf Area,Lotus dorycnium,1
497,Leaf Area,Ludwigia alternifolia,1
497,Leaf Area,Ludwigia palustris,1
497,Leaf Area,Ludwigia polycarpa,1
497,Leaf Area,Lupinus polyphyllus,1
497,Leaf Area,Luzula campestris,1
497,Leaf Area,Luzula multiflora,1
497,Leaf Area,Lycium shawii,1
497,Leaf Area,Lycopus uniflorus,1
497,Leaf Area,Lycopus virginicus,1
497,Leaf Area,Lyonia ligustrina,1
497,Leaf Area,Lyonia lucida,2
497,Leaf Area,Lyonia mariana,1
497,Leaf Area,Lysimachia lanceolata,1
497,Leaf Area,Lysimachia nummularia,1
497,Leaf Area,Lythrum salicaria,1
497,Leaf Area,Magnolia acuminata,2
497,Leaf Area,Magnolia fraseri,1
497,Leaf Area,Magnolia macrophylla,1
497,Leaf Area,Magnolia tripetala,1
497,Leaf Area,Magnolia virginiana,1
497,Leaf Area,Maianthemum bifolium,2
497,Leaf Area,Maianthemum canadense,1
497,Leaf Area,Maianthemum racemosum,2
497,Leaf Area,Maianthemum sp,1
497,Leaf Area,Malus coronaria,1
497,Leaf Area,Malus domestica,1
497,Leaf Area,Malus sylvestris,2
497,Leaf Area,Malva nicaeensis,1
497,Leaf Area,Matelea obliqua,1
497,Leaf Area,Matteuccia struthiopteris,1
497,Leaf Area,Matthiola parviflora,1
497,Leaf Area,Medicago truncatulata,1
497,Leaf Area,Melampyrum nemorosum,1
497,Leaf Area,Melampyrum pratense,1
497,Leaf Area,Melampyrum sylvaticum,1
497,Leaf Area,Melica ciliata,1
497,Leaf Area,Menispermum canadense,1
497,Leaf Area,Menodora scabra,1
497,Leaf Area,Menyanthes trifoliata,1
497,Leaf Area,Mertensia virginica,1
497,Leaf Area,Mesembryanthemum crystallinum,1
497,Leaf Area,Mesembryanthemum nodiflorum,1
497,Leaf Area,Mimulus ringens,1
497,Leaf Area,Mitchella repens,1
497,Leaf Area,Molinia caerulea,2
497,Leaf Area,Monarda fistulosa,2
497,Leaf Area,Moneses uniflora,1
497,Leaf Area,Morella cerifera,1
497,Leaf Area,Morus rubra,4
497,Leaf Area,Muehlenbeckia hastulata,1
497,Leaf Area,Myosotis scorpioides,1
497,Leaf Area,Myrica gale,1
497,Leaf Area,Myrtus communis,2
497,Leaf Area,Neatostema apulum,1
497,Leaf Area,Nemophila aphylla,1
497,Leaf Area,Nepeta cataria,1
497,Leaf Area,Nerium oleander,2
497,Leaf Area,Nyssa aquatica,3
497,Leaf Area,Nyssa sylvatica,8
497,Leaf Area,Obolaria virginica,1
497,Leaf Area,Oclemena acuminata,1
497,Leaf Area,Oemleria cerasiformis,2
497,Leaf Area,Oenothera biennis,3
497,Leaf Area,Oenothera laciniata,1
497,Leaf Area,Oenothera perennis,1
497,Leaf Area,Olea europaea,3
497,Leaf Area,Onobrychis arenaria,1
497,Leaf Area,Ononis natrix,1
497,Leaf Area,Opuntia humifusa,1
497,Leaf Area,Opuntia tortispina,1
497,Leaf Area,Origanum vulgare,1
497,Leaf Area,Orthilia secunda,2
497,Leaf Area,Osmorhiza claytonii,1
497,Leaf Area,Osmorhiza longistylis,1
497,Leaf Area,Ostrya virginiana,10
497,Leaf Area,Oxalis acetosella,1
497,Leaf Area,Oxalis violacea,2
497,Leaf Area,Oxydendrum arboreum,2
497,Leaf Area,Packera obovata,2
497,Leaf Area,Pallenis spinosa,1
497,Leaf Area,Parasenecio hastatus,1
497,Leaf Area,Paris quadrifolia,1
497,Leaf Area,Paronychia suffruticosa,1
497,Leaf Area,Parthenocissus quinquefolia,1
497,Leaf Area,Pedicularis hirsuta,1
497,Leaf Area,Pedicularis lapponica,1
497,Leaf Area,Pedicularis sceptrum-carolinum,1
497,Leaf Area,Penstemon hirsutus,1
497,Leaf Area,Pentanema hirtum,1
497,Leaf Area,Penthorum sedoides,1
497,Leaf Area,Periploca angustifolia,1
497,Leaf Area,Persea borbonia,2
497,Leaf Area,Persicaria amphibia,1
497,Leaf Area,Persicaria maculosa,1
497,Leaf Area,Persicaria meisneriana,1
497,Leaf Area,Petrosedum pruinatum,1
497,Leaf Area,Petrosedum sediforme,1
497,Leaf Area,Phacelia bipinnatifida,1
497,Leaf Area,Phagnalon rupestre,1
497,Leaf Area,Phagnalon saxatile,1
497,Leaf Area,Phillyrea angustifolia,1
497,Leaf Area,Phillyrea latifolia,2
497,Leaf Area,Phleum alpinum,1
497,Leaf Area,Phleum pratense,3
497,Leaf Area,Phlomis lychnitis,1
497,Leaf Area,Phlomis purpurea,1
497,Leaf Area,Phlox divaricata,1
497,Leaf Area,Phlox maculata,1
497,Leaf Area,Photinia melanocarpa,2
497,Leaf Area,Photinia pyrifolia,2
497,Leaf Area,Phragmites australis,2
497,Leaf Area,Phryma leptostachya,1
497,Leaf Area,Physocarpus malvaceus,1
497,Leaf Area,Physocarpus opulifolius,1
497,Leaf Area,Physostegia virginiana,1
497,Leaf Area,Phytolacca icosandra,1
497,Leaf Area,Picea abies,1
497,Leaf Area,Picea engelmannii,1
497,Leaf Area,Picea glauca,1
497,Leaf Area,Picea mariana,1
497,Leaf Area,Picea obovata,1
497,Leaf Area,Picea sitchensis,1
497,Leaf Area,Pilea pumila,1
497,Leaf Area,Pilosella officinarum,1
497,Leaf Area,Pimpinella saxifraga,1
497,Leaf Area,Pinguicula vulgaris,1
497,Leaf Area,Pinus banksiana,1
497,Leaf Area,Pinus edulis,1
497,Leaf Area,Pinus flexilis,1
497,Leaf Area,Pinus nigra,1
497,Leaf Area,Pinus palustris,1
497,Leaf Area,Pinus resinosa,1
497,Leaf Area,Pinus rigida,1
497,Leaf Area,Pinus serotina,1
497,Leaf Area,Pinus strobus,2
497,Leaf Area,Pinus sylvestris,3
497,Leaf Area,Pistacia lentiscus,3
497,Leaf Area,Plantago afra,1
497,Leaf Area,Plantago coronopus,1
497,Leaf Area,Plantago lagopus,1
497,Leaf Area,Plantago lanceolata,5
497,Leaf Area,Plantago major,1
497,Leaf Area,Plantago media,1
497,Leaf Area,Plantago ovata,1
497,Leaf Area,Platanthera bifolia,1
497,Leaf Area,Platanthera peramoena,1
497,Leaf Area,Platanus occidentalis,5
497,Leaf Area,Podophyllum peltatum,4
497,Leaf Area,Polanisia dodecandra,1
497,Leaf Area,Polemonium reptans,2
497,Leaf Area,Polygala rupestris,1
497,Leaf Area,Polygala sibirica,1
497,Leaf Area,Polygala vulgaris,1
497,Leaf Area,Polygonatum biflorum,3
497,Leaf Area,Polygonatum multiflorum,1
497,Leaf Area,Polygonatum odoratum,1
497,Leaf Area,Polygonum aviculare,1
497,Leaf Area,Polymnia canadensis,1
497,Leaf Area,Ponerorchis cucullata,1
497,Leaf Area,Populus alba,1
497,Leaf Area,Populus balsamifera,1
497,Leaf Area,Populus deltoides,2
497,Leaf Area,Populus deltoides subsp. monilifera,1
497,Leaf Area,Populus deltoides subsp. wislizenii,1
497,Leaf Area,Populus fremontii,2
497,Leaf Area,Populus grandidentata,8
497,Leaf Area,Populus heterophylla,1
497,Leaf Area,Populus tremula,3
497,Leaf Area,Populus tremuloides,9
497,Leaf Area,Potamogeton bicupulatus,1
497,Leaf Area,Prunella vulgaris,4
497,Leaf Area,Prunus avium,2
497,Leaf Area,Prunus cerasus,1
497,Leaf Area,Prunus fasciculata,1
497,Leaf Area,Prunus ilicifolia,1
497,Leaf Area,Prunus laurocerasus,1
497,Leaf Area,Prunus lusitanica,1
497,Leaf Area,Prunus mahaleb,1
497,Leaf Area,Prunus padus,1
497,Leaf Area,Prunus pensylvanica,2
497,Leaf Area,Prunus pumila,1
497,Leaf Area,Prunus serotina,14
497,Leaf Area,Prunus spinosa,3
497,Leaf Area,Prunus virginiana,2
497,Leaf Area,Pseudodictamnus hirsutus,1
497,Leaf Area,Pseudotsuga menziesii,2
497,Leaf Area,Pterocaulon pycnostachyum,1
497,Leaf Area,Pycnanthemum flexuosum,1
497,Leaf Area,Pyrola elliptica,1
497,Leaf Area,Pyrola media,1
497,Leaf Area,Pyrola minor,1
497,Leaf Area,Pyrola rotundifolia,1
497,Leaf Area,Pyrus bourgaeana,1
497,Leaf Area,Pyrus communis,1
497,Leaf Area,Quercus agrifolia,1
497,Leaf Area,Quercus agrifolia var. agrifolia,1
497,Leaf Area,Quercus alba,13
497,Leaf Area,Quercus bicolor,1
497,Leaf Area,Quercus cerris,1
497,Leaf Area,Quercus coccifera,3
497,Leaf Area,Quercus coccinea,5
497,Leaf Area,Quercus douglasii,1
497,Leaf Area,Quercus durata,1
497,Leaf Area,Quercus ellipsoidalis,1
497,Leaf Area,Quercus faginea,1
497,Leaf Area,Quercus gambelii,1
497,Leaf Area,Quercus geminata,1
497,Leaf Area,Quercus hemisphaerica,1
497,Leaf Area,Quercus ilex,4
497,Leaf Area,Quercus ilicifolia,1
497,Leaf Area,Quercus imbricaria,1
497,Leaf Area,Quercus kelloggii,1
497,Leaf Area,Quercus laevis,2
497,Leaf Area,Quercus laurifolia,1
497,Leaf Area,Quercus lobata,1
497,Leaf Area,Quercus lusitanica,1
497,Leaf Area,Quercus lyrata,1
497,Leaf Area,Quercus macrocarpa,4
497,Leaf Area,Quercus michauxii,8
497,Leaf Area,Quercus muehlenbergii,3
497,Leaf Area,Quercus nigra,2
497,Leaf Area,Quercus palustris,3
497,Leaf Area,Quercus petraea,1
497,Leaf Area,Quercus phellos,3
497,Leaf Area,Quercus pubescens,1
497,Leaf Area,Quercus pyrenaica,1
497,Leaf Area,Quercus robur,3
497,Leaf Area,Quercus rotundifolia,1
497,Leaf Area,Quercus rubra,14
497,Leaf Area,Quercus stellata,1
497,Leaf Area,Quercus suber,1
497,Leaf Area,Quercus turbinella,2
497,Leaf Area,Quercus velutina,4
497,Leaf Area,RIBES UVA-CRISPA,2
497,Leaf Area,Ranunculus abortivus,1
497,Leaf Area,Ranunculus cassubicus,1
497,Leaf Area,Ranunculus hispidus,1
497,Leaf Area,Ranunculus laxicaulis,1
497,Leaf Area,Ranunculus micranthus,1
497,Leaf Area,Ranunculus repens,1
497,Leaf Area,Ranunculus sceleratus,1
497,Leaf Area,Ratibida pinnata,1
497,Leaf Area,Reichardia picroides,1
497,Leaf Area,Reseda lanceolata,1
497,Leaf Area,Retama sphaerocarpa,1
497,Leaf Area,Reynoutria japonica,1
497,Leaf Area,Rhamnus alnus,2
497,Leaf Area,Rhamnus cathartica,3
497,Leaf Area,Rhamnus lycioides,1
497,Leaf Area,Rhinanthus minor,1
497,Leaf Area,Rhodiola rosea,1
497,Leaf Area,Rhododendron lapponicum,1
497,Leaf Area,Rhododendron macrophyllum,1
497,Leaf Area,Rhododendron maximum,3
497,Leaf Area,Rhododendron periclymenoides,2
497,Leaf Area,Rhododendron ponticum,1
497,Leaf Area,Rhododendron prinophyllum,1
497,Leaf Area,Rhododendron sp,1
497,Leaf Area,Rhododendron tomentosum,1
497,Leaf Area,Rhus copallinum,1
497,Leaf Area,Rhus glabra,3
497,Leaf Area,Rhus trilobata,1
497,Leaf Area,Rhus typhina,1
497,Leaf Area,Ribes alpinum,2
497,Leaf Area,Ribes californicum,1
497,Leaf Area,Ribes cynosbati,1
497,Leaf Area,Ribes divaricatum,1
497,Leaf Area,Ribes malvaceum,1
497,Leaf Area,Ribes nigrum,3
497,Leaf Area,Ribes rubrum,1
497,Leaf Area,Ribes sanguineum,1
497,Leaf Area,Ribes spicatum,2
497,Leaf Area,Ribes velutinum,1
497,Leaf Area,Robinia pseudoacacia,3
497,Leaf Area,Rosa arvensis,1
497,Leaf Area,Rosa caesia,1
497,Leaf Area,Rosa canina,1
497,Leaf Area,Rosa carolina,1
497,Leaf Area,Rosa corymbifera,1
497,Leaf Area,Rosa dumalis_x,1
497,Leaf Area,Rosa gallica,2
497,Leaf Area,Rosa glauca,1
497,Leaf Area,Rosa majalis,1
497,Leaf Area,Rosa mollis,1
497,Leaf Area,Rosa rugosa,1
497,Leaf Area,Rosa setigera,3
497,Leaf Area,Rosa spinosissima,1
497,Leaf Area,Rosa subcanina,1
497,Leaf Area,Rosa woodsii,1
497,Leaf Area,Rubia peregrina,1
497,Leaf Area,Rubiaceae sp,1
497,Leaf Area,Rubus chamaemorus,1
497,Leaf Area,Rubus fruticosus,1
497,Leaf Area,Rubus idaeus,2
497,Leaf Area,Rubus pubescens,1
497,Leaf Area,Rubus saxatilis,1
497,Leaf Area,Rubus ulmifolius,1
497,Leaf Area,Rudbeckia hirta,1
497,Leaf Area,Rumex acetosa,1
497,Leaf Area,Rumex acetosella,3
497,Leaf Area,Rumex crispus,1
497,Leaf Area,Rumex intermedius,1
497,Leaf Area,Rumex obtusifolius,1
497,Leaf Area,Ruta montana,1
497,Leaf Area,Sagittaria latifolia,1
497,Leaf Area,Salix acutifolia,1
497,Leaf Area,Salix alba,2
497,Leaf Area,Salix aurita,1
497,Leaf Area,Salix caprea,2
497,Leaf Area,Salix cinerea,2
497,Leaf Area,Salix daphnoides,1
497,Leaf Area,Salix dasyclados,3
497,Leaf Area,Salix discolor,3
497,Leaf Area,Salix eriocephala,2
497,Leaf Area,Salix fragilis_x,1
497,Leaf Area,Salix herbacea,1
497,Leaf Area,Salix laevigata,1
497,Leaf Area,Salix lapponum,2
497,Leaf Area,Salix lasiolepis,1
497,Leaf Area,Salix lucida,3
497,Leaf Area,Salix myrsinifolia,1
497,Leaf Area,Salix myrsinites,1
497,Leaf Area,Salix myrtilloides,1
497,Leaf Area,Salix nigra,4
497,Leaf Area,Salix pentandra,1
497,Leaf Area,Salix phylicifolia,1
497,Leaf Area,Salix planifolia,1
497,Leaf Area,Salix polaris,1
497,Leaf Area,Salix purpurea,1
497,Leaf Area,Salix repens,1
497,Leaf Area,Salix reticulata,1
497,Leaf Area,Salix rosmarinifolia,1
497,Leaf Area,Salix sericea,1
497,Leaf Area,Salix sp,2
497,Leaf Area,Salix starkeana,1
497,Leaf Area,Salix triandra,1
497,Leaf Area,Salix viminalis,1
497,Leaf Area,Salsola genistoides,1
497,Leaf Area,Salsola oppositifolia,1
497,Leaf Area,Salvia dorrii,1
497,Leaf Area,Salvia rosmarinus,1
497,Leaf Area,Sambucus canadensis,1
497,Leaf Area,Sambucus cerulea,1
497,Leaf Area,Sambucus nigra,2
497,Leaf Area,Sambucus racemosa,1
497,Leaf Area,Sanguinaria canadensis,2
497,Leaf Area,Sanicula marilandica,1
497,Leaf Area,Saponaria officinalis,1
497,Leaf Area,Sarracenia purpurea,1
497,Leaf Area,Sassafras albidum,8
497,Leaf Area,Satureja intricata,1
497,Leaf Area,Schizachyrium condensatum,1
497,Leaf Area,Scirpus atrovirens,1
497,Leaf Area,Scirpus cyperinus,1
497,Leaf Area,Scirpus lineatus,1
497,Leaf Area,Scorpiurus muricatus,1
497,Leaf Area,Scorzonera angustifolia,1
497,Leaf Area,Scorzoneroides autumnalis,1
497,Leaf Area,Scutellaria lateriflora,2
497,Leaf Area,Sedum acre,1
497,Leaf Area,Sedum album,1
497,Leaf Area,Sedum ternatum,1
497,Leaf Area,Senecio flaccidus,1
497,Leaf Area,Senecio spartioides,1
497,Leaf Area,Sequoia sempervirens,1
497,Leaf Area,Sideritis hirsuta,1
497,Leaf Area,Sideritis osteoxylla,1
497,Leaf Area,Silene tetraphylla,1
497,Leaf Area,Silene virginica,1
497,Leaf Area,Silphium integrifolium,1
497,Leaf Area,Silphium terebinthinaceum,2
497,Leaf Area,Silphium trifoliatum,1
497,Leaf Area,Smilax aspera,1
497,Leaf Area,Smilax bona-nox,1
497,Leaf Area,Smilax glauca,1
497,Leaf Area,Smilax rotundifolia,1
497,Leaf Area,Smilax tamnoides,2
497,Leaf Area,Solanum dulcamara,1
497,Leaf Area,Solanum umbelliferum,1
497,Leaf Area,Solidago canadensis,1
497,Leaf Area,Solidago flexicaulis,1
497,Leaf Area,Solidago nemoralis,2
497,Leaf Area,Solidago rugosa,2
497,Leaf Area,Solidago speciosa,1
497,Leaf Area,Solidago ulmifolia,1
497,Leaf Area,Solidago virgaurea,1
497,Leaf Area,Sonchus arvensis,1
497,Leaf Area,Sonchus tenerrimus,1
497,Leaf Area,Sorbaria sorbifolia,1
497,Leaf Area,Sorbus aria,1
497,Leaf Area,Sorbus aucuparia,4
497,Leaf Area,Sorbus intermedia,1
497,Leaf Area,Sorbus scopulina,1
497,Leaf Area,Sorghastrum nutans,1
497,Leaf Area,Sparganium eurycarpum,1
497,Leaf Area,Spergula arvensis,1
497,Leaf Area,Spergularia media,1
497,Leaf Area,Spergularia rubra,1
497,Leaf Area,Spiraea salicifolia,1
497,Leaf Area,Spiraea sp,2
497,Leaf Area,Spiraea tomentosa,2
497,Leaf Area,Spirodela polyrrhiza,1
497,Leaf Area,Stachys officinalis,1
497,Leaf Area,Stellaria graminea,1
497,Leaf Area,Stellaria holostea,1
497,Leaf Area,Stellaria media,1
497,Leaf Area,Stellaria pubera,1
497,Leaf Area,Stephanomeria pauciflora,1
497,Leaf Area,Stillingia linearifolia,1
497,Leaf Area,Stoibrax dichotomum,1
497,Leaf Area,Strophostyles helvula,2
497,Leaf Area,Strophostyles leiosperma,1
497,Leaf Area,Stylophorum diphyllum,1
497,Leaf Area,Succisa pratensis,1
497,Leaf Area,Symphoricarpos albus,2
497,Leaf Area,Symphoricarpos mollis,1
497,Leaf Area,Symphoricarpos sp,1
497,Leaf Area,Symphyotrichum cordifolium,2
497,Leaf Area,Symphyotrichum laeve,1
497,Leaf Area,Symphyotrichum shortii,2
497,Leaf Area,Symphyotrichum undulatum,1
497,Leaf Area,Symplocos tinctoria,1
497,Leaf Area,Synandra hispidula,1
497,Leaf Area,Syringa vulgaris,1
497,Leaf Area,Tanacetum vulgare,3
497,Leaf Area,Taraxacum campylodes,1
497,Leaf Area,Taxodium distichum,1
497,Leaf Area,Taxus baccata,2
497,Leaf Area,Taxus brevifolia,1
497,Leaf Area,Teucrium capitatum,1
497,Leaf Area,Teucrium chamaedrys,2
497,Leaf Area,Teucrium charidemi,1
497,Leaf Area,Teucrium eriocephalum,1
497,Leaf Area,Teucrium lusitanicum,1
497,Leaf Area,Thalictrum dioicum,2
497,Leaf Area,Thalictrum thalictroides,1
497,Leaf Area,Thapsia villosa,1
497,Leaf Area,Thelypodium laciniatum,1
497,Leaf Area,Thesium humile,1
497,Leaf Area,Thlaspi arvense,1
497,Leaf Area,Thrincia saxatilis,1
497,Leaf Area,Thuja occidentalis,1
497,Leaf Area,Thymelaea hirsuta,1
497,Leaf Area,Thymus hyemalis,1
497,Leaf Area,Thymus praecox,1
497,Leaf Area,Thymus pulegioides,1
497,Leaf Area,Thymus vulgaris,1
497,Leaf Area,Tilia americana,9
497,Leaf Area,Tilia cordata,2
497,Leaf Area,Toxicodendron radicans,3
497,Leaf Area,Tradescantia virginiana,1
497,Leaf Area,Trichostema brachiatum,1
497,Leaf Area,Trientalis europaea,1
497,Leaf Area,Trifolium angustifolium,1
497,Leaf Area,Trifolium campestre,1
497,Leaf Area,Trifolium pratense,2
497,Leaf Area,Trifolium repens,1
497,Leaf Area,Trifolium scabrum,1
497,Leaf Area,Trifolium stellatum,1
497,Leaf Area,Trigonella alba,2
497,Leaf Area,Trillium grandiflorum,1
497,Leaf Area,Trillium sessile,1
497,Leaf Area,Triosteum angustifolium,1
497,Leaf Area,Tripodion tetraphyllum,1
497,Leaf Area,Trollius europaeus,2
497,Leaf Area,Tsuga canadensis,1
497,Leaf Area,Tsuga heterophylla,1
497,Leaf Area,Tussilago farfara,1
497,Leaf Area,Typha latifolia,1
497,Leaf Area,Ulex parviflorus,1
497,Leaf Area,Ulmus alata,3
497,Leaf Area,Ulmus americana,9
497,Leaf Area,Ulmus glabra,3
497,Leaf Area,Ulmus laevis,2
497,Leaf Area,Ulmus rubra,4
497,Leaf Area,Umbellularia californica,1
497,Leaf Area,Umbilicus erectus,1
497,Leaf Area,Urospermum picroides,1
497,Leaf Area,Urtica dioica,3
497,Leaf Area,Uvularia sessilifolia,1
497,Leaf Area,VACCINIUM VITIS-IDAEA,2
497,Leaf Area,Vaccinium angustifolium,1
497,Leaf Area,Vaccinium arboreum,1
497,Leaf Area,Vaccinium corymbosum,7
497,Leaf Area,Vaccinium elliottii,1
497,Leaf Area,Vaccinium fuscatum,1
497,Leaf Area,Vaccinium myrtilloides,1
497,Leaf Area,Vaccinium myrtillus,5
497,Leaf Area,Vaccinium oxycoccos,1
497,Leaf Area,Vaccinium sp,2
497,Leaf Area,Vaccinium uliginosum,2
497,Leaf Area,Vaccinium vacillans,1
497,Leaf Area,Valantia hispida,1
497,Leaf Area,Valeriana pauciflora,1
497,Leaf Area,Veratrum parviflorum,1
497,Leaf Area,Verbascum nigrum,1
497,Leaf Area,Verbascum thapsus,2
497,Leaf Area,Verbena simplex,1
497,Leaf Area,Verbena stricta,1
497,Leaf Area,Verbesina encelioides,1
497,Leaf Area,Veronica alpina,1
497,Leaf Area,Veronica chamaedrys,2
497,Leaf Area,Veronica franciscana_x,1
497,Leaf Area,Veronica hederifolia,1
497,Leaf Area,Veronica longifolia,1
497,Leaf Area,Veronica officinalis,1
497,Leaf Area,Veronica spicata,1
497,Leaf Area,Viburnum acerifolium,1
497,Leaf Area,Viburnum dentatum,1
497,Leaf Area,Viburnum lentago,1
497,Leaf Area,Viburnum nudum,1
497,Leaf Area,Viburnum opulus,2
497,Leaf Area,Viburnum prunifolium,1
497,Leaf Area,Viburnum rafinesquianum,1
497,Leaf Area,Viburnum recognitum,3
497,Leaf Area,Viburnum sp,2
497,Leaf Area,Viburnum tinus,2
497,Leaf Area,Vicia sativa,1
497,Leaf Area,Vincetoxicum hirundinaria,1
497,Leaf Area,Viola alba,1
497,Leaf Area,Viola canina,1
497,Leaf Area,Viola concolor,1
497,Leaf Area,Viola cucullata,1
497,Leaf Area,Viola mirabilis,1
497,Leaf Area,Viola palustris,1
497,Leaf Area,Viola papilionacea,1
497,Leaf Area,Viola pubescens,1
497,Leaf Area,Viola sagittata,1
497,Leaf Area,Viola sororia,2
497,Leaf Area,Viola striata,1
497,Leaf Area,Vitis aestivalis,6
497,Leaf Area,Vitis cordifolia,1
497,Leaf Area,Vitis labrusca,1
497,Leaf Area,Vitis rotundifolia,1
497,Leaf Area,Vitis rupestris,2
497,Leaf Area,Vitis vinifera,1
497,Leaf Area,Vitis vulpina,3
497,Leaf Area,Vulpia ciliata,1
497,Leaf Area,Xeranthemum inapertum,1
497,Leaf Area,Yucca filamentosa,1
497,Leaf Area,Zinnia grandiflora,1
497,Leaf Area,Zizia aptera,1
497,Leaf Area,Ziziphus lotus,1
509,Leaf Area,Achillea atrata,7
509,Leaf Area,Achillea millefolium,29
509,Leaf Area,Aconitum tauricum,7
509,Leaf Area,Ajuga pyramidalis,7
509,Leaf Area,Ajuga reptans,7
509,Leaf Area,Alchemilla coriacea,10
509,Leaf Area,Alchemilla xanthochlora,27
509,Leaf Area,Androsace obtusifolia,14
509,Leaf Area,Arabis alpina,10
509,Leaf Area,Arenaria ciliata,10
509,Leaf Area,Astragalus alpinus,10
509,Leaf Area,Bartsia alpina,14
509,Leaf Area,Bellis perennis,14
509,Leaf Area,Biscutella laevigata,7
509,Leaf Area,Bistorta vivipara,44
509,Leaf Area,Calluna vulgaris,40
509,Leaf Area,Campanula barbata,14
509,Leaf Area,Campanula rotundifolia,24
509,Leaf Area,Campanula scheuchzeri,40
509,Leaf Area,Cardamine amara,10
509,Leaf Area,Carduus defloratus,7
509,Leaf Area,Carlina acaulis,7
509,Leaf Area,Carum carvi,14
509,Leaf Area,Centaurea jacea,7
509,Leaf Area,Cerastium fontanum,10
509,Leaf Area,Cerastium uniflorum,10
509,Leaf Area,Cherleria sedoides,20
509,Leaf Area,Cirsium acaule,7
509,Leaf Area,Cirsium spinosissimum,7
509,Leaf Area,Clinopodium acinos,7
509,Leaf Area,Crepis aurea,34
509,Leaf Area,Crepis conyzifolia,7
509,Leaf Area,Doronicum glaciale,17
509,Leaf Area,Dryas octopetala,10
509,Leaf Area,Erigeron andicola,16
509,Leaf Area,Euphrasia minima,56
509,Leaf Area,Euphrasia officinalis,27
509,Leaf Area,Facchinia lanceolata,10
509,Leaf Area,Fragaria vesca,7
509,Leaf Area,Gagea serotina,14
509,Leaf Area,Galeopsis tetrahit,10
509,Leaf Area,Galium anisophyllon,7
509,Leaf Area,Galium mollugo,24
509,Leaf Area,Galium pumilum,21
509,Leaf Area,Gentiana acaulis,7
509,Leaf Area,Gentiana nivalis,10
509,Leaf Area,Gentiana verna,31
509,Leaf Area,Gentianella germanica,7
509,Leaf Area,Geum montanum,20
509,Leaf Area,Hieracium alpinum,20
509,Leaf Area,Hieracium murorum,7
509,Leaf Area,Homogyne alpina,27
509,Leaf Area,Hornungia alpina,10
509,Leaf Area,Hypericum maculatum,28
509,Leaf Area,Kalmia procumbens,7
509,Leaf Area,Leontodon hispidus,71
509,Leaf Area,Leucanthemopsis alpina,17
509,Leaf Area,Leucanthemum vulgare,24
509,Leaf Area,Ligusticum mutellina,14
509,Leaf Area,Linaria alpina,17
509,Leaf Area,Lotus corniculatus,14
509,Leaf Area,Maianthemum bifolium,7
509,Leaf Area,Micranthes stellaris,17
509,Leaf Area,Moehringia ciliata,9
509,Leaf Area,Myosotis alpestris,27
509,Leaf Area,Myosotis sylvatica,4
509,Leaf Area,Parnassia palustris,21
509,Leaf Area,Pedicularis asplenifolia,17
509,Leaf Area,Phyteuma globulariifolium,10
509,Leaf Area,Phyteuma hemisphaericum,20
509,Leaf Area,Pilosella lactucella,7
509,Leaf Area,Pilosella officinarum,7
509,Leaf Area,Pimpinella major,30
509,Leaf Area,Plantago lanceolata,24
509,Leaf Area,Plantago media,13
509,Leaf Area,Polygala vulgaris,10
509,Leaf Area,Potentilla aurea,21
509,Leaf Area,Potentilla crantzii,7
509,Leaf Area,Potentilla erecta,50
509,Leaf Area,Primula minima,13
509,Leaf Area,Prunella vulgaris,17
509,Leaf Area,Pseudorchis albida,10
509,Leaf Area,Pulsatilla alpina,34
509,Leaf Area,Ranunculus acris,59
509,Leaf Area,Ranunculus alpestris,30
509,Leaf Area,Ranunculus montanus,35
509,Leaf Area,Ranunculus repens,7
509,Leaf Area,Rhinanthus glacialis,10
509,Leaf Area,Rhododendron ferrugineum,10
509,Leaf Area,Rumex alpestris,55
509,Leaf Area,Rumex alpinus,32
509,Leaf Area,Saxifraga aizoides,17
509,Leaf Area,Saxifraga androsacea,13
509,Leaf Area,Saxifraga exarata,10
509,Leaf Area,Saxifraga oppositifolia,7
509,Leaf Area,Saxifraga paniculata,10
509,Leaf Area,Saxifraga rotundifolia,7
509,Leaf Area,Scabiosa columbaria,14
509,Leaf Area,Scorzoneroides autumnalis,27
509,Leaf Area,Sempervivum montanum,10
509,Leaf Area,Silene acaulis,44
509,Leaf Area,Silene dioica,14
509,Leaf Area,Silene nutans,16
509,Leaf Area,Silene vulgaris,27
509,Leaf Area,Soldanella pusilla,6
509,Leaf Area,Stellaria graminea,41
509,Leaf Area,Stellaria nemorum,3
509,Leaf Area,Taraxacum campylodes,7
509,Leaf Area,Thymus praecox,61
509,Leaf Area,Tofieldia calyculata,10
509,Leaf Area,Trifolium badium,22
509,Leaf Area,Trifolium pratense,61
509,Leaf Area,Trifolium repens,64
509,Leaf Area,Trollius europaeus,7
509,Leaf Area,VACCINIUM VITIS-IDAEA,34
509,Leaf Area,Vaccinium myrtillus,14
509,Leaf Area,Veratrum album,10
509,Leaf Area,Veronica alpina,17
509,Leaf Area,Veronica chamaedrys,24
509,Leaf Area,Veronica officinalis,14
509,Leaf Area,Veronica serpyllifolia,27
509,Leaf Area,Viola biflora,22
509,Leaf Area,Viola canina,3
564,Plant heigh,Anacyclus clavatus,10
564,Plant heigh,Anthemis arvensis,170
564,Plant heigh,Anthyllis cornicina,60
564,Plant heigh,Anthyllis lotoides,10
564,Plant heigh,Avena barbata,10
564,Plant heigh,Bellardia trixago,10
564,Plant heigh,Biserrula pelecinus,269
564,Plant heigh,Bromus hordeaceus,120
564,Plant heigh,Bromus rigidus,10
564,Plant heigh,Bromus rubens,110
564,Plant heigh,Bromus tectorum,20
564,Plant heigh,Chamaemelum mixtum,7
564,Plant heigh,Convolvulus arvensis,20
564,Plant heigh,Crepis capillaris,40
564,Plant heigh,Crepis vesicaria,24
564,Plant heigh,Dactylis glomerata,90
564,Plant heigh,Echium plantagineum,208
564,Plant heigh,Eryngium campestre,50
564,Plant heigh,Filago pyramidata,10
564,Plant heigh,Foeniculum vulgare,10
564,Plant heigh,Hedypnois cretica,10
564,Plant heigh,Hordeum murinum,90
564,Plant heigh,Lactuca tenerrima,2
564,Plant heigh,Lamarckia aurea,20
564,Plant heigh,Leontodon taraxacoides,29
564,Plant heigh,Lolium rigidum,30
564,Plant heigh,Medicago sativa,50
564,Plant heigh,Misopates orontium,10
564,Plant heigh,Neatostema apulum,26
564,Plant heigh,Ornithopus compressus,30
564,Plant heigh,Petrorhagia nanteuilii,7
564,Plant heigh,Plantago coronopus,10
564,Plant heigh,Plantago lagopus,320
564,Plant heigh,Polycarpon tetraphyllum,10
564,Plant heigh,Psilurus incurvus,30
564,Plant heigh,Rumex acetosella,8
564,Plant heigh,Silene vulgaris,10
564,Plant heigh,Sisymbrium cavanillesianum,10
564,Plant heigh,Sisymbrium officinale,9
564,Plant heigh,Spergularia purpurea,10
564,Plant heigh,Tolpis barbata,60
564,Plant heigh,Trifolium cherleri,219
564,Plant heigh,Trifolium glomeratum,51
564,Plant heigh,Trifolium hirtum,20
564,Plant heigh,Trifolium striatum,30
564,Plant heigh,Trifolium tomentosum,10
564,Plant heigh,Trisetaria panicea,58
564,Plant heigh,Vulpia ciliata,50
