route_id,repeat_id,fold_id,variant,status,error_message,warning_text,converged,linear_trend_slope,median_diff,epochs_run,early_stopping_triggered,loss,brier,auc,auc_macro,n_train_samples,n_test_samples,n_taxa_raw,n_taxa_retained,n_taxa_dropped,age_scale_mode,age_scale_value
pooled_spatiotemporal_age_z_interaction,1,fold_001,full,ok,NA,NA,TRUE,0,0.02,370,TRUE,1.3634643078013136,0.10270928042717113,0.8999198949319572,0.5435296397476246,164,41,16,16,0,z_score,1280.5703677878082
pooled_spatiotemporal_age_z_interaction,1,fold_001,no_abiotic,ok,NA,NA,TRUE,0,0.03,256,TRUE,1.453156730943414,0.10518271646441463,0.8948062109371362,0.5246537553355736,164,41,16,16,0,z_score,1280.5703677878082
pooled_spatiotemporal_age_z_interaction,1,fold_001,no_spatial,ok,NA,NA,TRUE,0,0.01,430,TRUE,1.4616653759635525,0.11247428475130226,0.8918395290567163,0.5191442954424942,164,41,16,16,0,z_score,1280.5703677878082
pooled_spatiotemporal_age_z_interaction,1,fold_001,no_associations,ok,NA,NA,TRUE,0,0.01,329,TRUE,1.278716594965027,0.10238101077175697,0.9063236431039783,0.5726864728447898,164,41,16,16,0,z_score,1280.5703677878082
pooled_spatiotemporal_age_z_interaction,1,fold_002,full,ok,NA,NA,TRUE,0,0.05,393,TRUE,1.277239680804607,0.09763495142147083,0.9106496658010133,0.5880297255297255,164,41,16,15,1,z_score,1335.6766996535152
pooled_spatiotemporal_age_z_interaction,1,fold_002,no_abiotic,ok,NA,NA,TRUE,0,0.02,216,TRUE,1.3183784158398735,0.09935986831720467,0.9075258631699945,0.5467709842709843,164,41,16,15,1,z_score,1335.6766996535152
pooled_spatiotemporal_age_z_interaction,1,fold_002,no_spatial,ok,NA,NA,TRUE,0,0.04,230,TRUE,1.3893761453015163,0.10541217440377247,0.9030290774405041,0.5533799533799534,164,41,16,15,1,z_score,1335.6766996535152
pooled_spatiotemporal_age_z_interaction,1,fold_002,no_associations,ok,NA,NA,TRUE,0,0.02,215,TRUE,1.2210446142657725,0.09707141342665652,0.9146941121375963,0.6130540137119085,164,41,16,15,1,z_score,1335.6766996535152
pooled_spatiotemporal_age_z_interaction,1,fold_003,full,ok,NA,NA,TRUE,0,0.01,437,TRUE,1.4225741101298561,0.10607648440162977,0.9006731125752261,0.5642559347404588,164,41,16,16,0,z_score,1283.8998880907861
pooled_spatiotemporal_age_z_interaction,1,fold_003,no_abiotic,ok,NA,NA,TRUE,0,0.04,471,TRUE,1.4741187385226613,0.11165922840448912,0.8980063318216822,0.5472749922142635,164,41,16,16,0,z_score,1283.8998880907861
pooled_spatiotemporal_age_z_interaction,1,fold_003,no_spatial,ok,NA,NA,TRUE,0,0.03,428,TRUE,1.6884455804850982,0.1285866286476658,0.8834507477444073,0.5303255224307856,164,41,16,16,0,z_score,1283.8998880907861
pooled_spatiotemporal_age_z_interaction,1,fold_003,no_associations,ok,NA,NA,TRUE,0,0.03,248,TRUE,1.4452691956999815,0.10782003304480767,0.8988096935816624,0.5590923848400667,164,41,16,16,0,z_score,1283.8998880907861
pooled_spatiotemporal_age_z_interaction,1,fold_004,full,ok,NA,NA,TRUE,0,0.02,221,TRUE,1.2433537256635476,0.09612117281915195,0.9118793926410343,0.5684879296215328,164,41,16,16,0,z_score,1215.0354573639008
pooled_spatiotemporal_age_z_interaction,1,fold_004,no_abiotic,ok,NA,NA,TRUE,0,0.03,471,TRUE,1.173053076265547,0.0891085246377495,0.916427068064795,0.5569665093450519,164,41,16,16,0,z_score,1215.0354573639008
pooled_spatiotemporal_age_z_interaction,1,fold_004,no_spatial,ok,NA,NA,TRUE,0,0.01,233,TRUE,1.5731883095333823,0.11817905916199517,0.8881403390085316,0.5116543548729784,164,41,16,16,0,z_score,1215.0354573639008
pooled_spatiotemporal_age_z_interaction,1,fold_004,no_associations,ok,NA,NA,TRUE,0,0,221,TRUE,1.2466213465453604,0.09731554588567215,0.910474687112414,0.5612177414808994,164,41,16,16,0,z_score,1215.0354573639008
pooled_spatiotemporal_age_z_interaction,1,fold_005,full,ok,NA,NA,TRUE,0,0.03,214,TRUE,1.281988644854315,0.09927692282034292,0.9055268835399128,0.5714517304590834,164,41,16,15,1,z_score,1293.4177391132228
pooled_spatiotemporal_age_z_interaction,1,fold_005,no_abiotic,ok,NA,NA,TRUE,0,0.03,323,TRUE,1.4904732615912077,0.1099957344310665,0.8919793561487372,0.5297413938718286,164,41,16,15,1,z_score,1293.4177391132228
pooled_spatiotemporal_age_z_interaction,1,fold_005,no_spatial,ok,NA,NA,TRUE,0,0,279,TRUE,1.3593843264586005,0.10686013768506535,0.8987425441008503,0.5638302492122824,164,41,16,15,1,z_score,1293.4177391132228
pooled_spatiotemporal_age_z_interaction,1,fold_005,no_associations,ok,NA,NA,TRUE,0,0,250,TRUE,1.2081630581933624,0.09738146279692708,0.910137907694911,0.5923547653327065,164,41,16,15,1,z_score,1293.4177391132228
pooled_spatiotemporal_age_z_interaction,2,fold_001,full,ok,NA,NA,TRUE,0,0.01,248,TRUE,1.2205228624355107,0.09371623654029804,0.9147723522811914,0.6015265545161056,164,41,16,16,0,z_score,1276.3751888158004
pooled_spatiotemporal_age_z_interaction,2,fold_001,no_abiotic,ok,NA,NA,TRUE,0,0.03,297,TRUE,1.245062302855286,0.09671722494968231,0.9124671185993231,0.5684024470111931,164,41,16,16,0,z_score,1276.3751888158004
pooled_spatiotemporal_age_z_interaction,2,fold_001,no_spatial,ok,NA,NA,TRUE,0,0,343,TRUE,1.477178077140317,0.11281354287877904,0.8959062066884776,0.5460869661721055,164,41,16,16,0,z_score,1276.3751888158004
pooled_spatiotemporal_age_z_interaction,2,fold_001,no_associations,ok,NA,NA,TRUE,0,0.02,153,TRUE,1.1627925909552612,0.091383288789691,0.9189066875347671,0.6139618277098927,164,41,16,16,0,z_score,1276.3751888158004
pooled_spatiotemporal_age_z_interaction,2,fold_002,full,ok,NA,NA,TRUE,0,0.03,390,TRUE,1.6900358660290649,0.13018675717714945,0.8758354837345065,0.5534204553890668,164,41,16,15,1,z_score,1263.028763701782
pooled_spatiotemporal_age_z_interaction,2,fold_002,no_abiotic,ok,NA,NA,TRUE,0,0.01,257,TRUE,1.8208751989271008,0.13205088864811637,0.8676868733871991,0.5318013145710467,164,41,16,15,1,z_score,1263.028763701782
pooled_spatiotemporal_age_z_interaction,2,fold_002,no_spatial,ok,NA,NA,TRUE,0,0.01,312,TRUE,1.7778702066177716,0.13992579266768662,0.8702620669233047,0.549250680017531,164,41,16,15,1,z_score,1263.028763701782
pooled_spatiotemporal_age_z_interaction,2,fold_002,no_associations,ok,NA,NA,TRUE,0,0,259,TRUE,1.5300662864507664,0.12469026767236485,0.8860040610854943,0.5821427128849919,164,41,16,15,1,z_score,1263.028763701782
pooled_spatiotemporal_age_z_interaction,2,fold_003,full,ok,NA,NA,TRUE,0,0.02,283,TRUE,1.4645432126732996,0.11337254382911569,0.8938339502908514,0.5574517003250035,164,41,16,15,1,z_score,1302.9844941324986
pooled_spatiotemporal_age_z_interaction,2,fold_003,no_abiotic,ok,NA,NA,TRUE,0,0.03,375,TRUE,1.4290947669920313,0.10531624628435508,0.896890534108937,0.5289883193729348,164,41,16,15,1,z_score,1302.9844941324986
pooled_spatiotemporal_age_z_interaction,2,fold_003,no_spatial,ok,NA,NA,TRUE,0,0.01,383,TRUE,1.5430389002638494,0.12301375031182822,0.8860497091485986,0.5339973134090781,164,41,16,15,1,z_score,1302.9844941324986
pooled_spatiotemporal_age_z_interaction,2,fold_003,no_associations,ok,NA,NA,TRUE,0,0.02,393,TRUE,1.4516705279000564,0.11480683071670074,0.8938709677419355,0.5694533854036117,164,41,16,15,1,z_score,1302.9844941324986
pooled_spatiotemporal_age_z_interaction,2,fold_004,full,ok,NA,NA,TRUE,0,0.02,399,TRUE,1.149172147111275,0.0853742484582843,0.9177036411411411,0.58734946979190406,164,41,16,16,0,z_score,1290.7288045616065
pooled_spatiotemporal_age_z_interaction,2,fold_004,no_abiotic,ok,NA,NA,TRUE,0,0,171,TRUE,1.211893355869604,0.09079121442950394,0.9130020645645646,0.5624573784524443,164,41,16,16,0,z_score,1290.7288045616065
pooled_spatiotemporal_age_z_interaction,2,fold_004,no_spatial,ok,NA,NA,TRUE,0,0.06,254,TRUE,1.3427874865339386,0.10440698634831948,0.9055086336336337,0.563618642566011,164,41,16,16,0,z_score,1290.7288045616065
pooled_spatiotemporal_age_z_interaction,2,fold_004,no_associations,ok,NA,NA,TRUE,0,0.01,232,TRUE,1.09639364848685,0.08531130498227409,0.9221612237237238,0.6145462496202628,164,41,16,16,0,z_score,1290.7288045616065
pooled_spatiotemporal_age_z_interaction,2,fold_005,full,ok,NA,NA,TRUE,0,0.03,370,TRUE,1.0535393547940903,0.08156108948584866,0.9286291510985616,0.62522740954436,164,41,16,16,0,z_score,1272.4234454417879
pooled_spatiotemporal_age_z_interaction,2,fold_005,no_abiotic,ok,NA,NA,TRUE,0,0.04,311,TRUE,1.090065649717609,0.08350362845898239,0.9258720515672685,0.544852759684416,164,41,16,16,0,z_score,1272.4234454417879
pooled_spatiotemporal_age_z_interaction,2,fold_005,no_spatial,ok,NA,NA,TRUE,0,0,382,TRUE,1.304336539066194,0.09984580824857078,0.9122909595657093,0.582781862745098,164,41,16,16,0,z_score,1272.4234454417879
pooled_spatiotemporal_age_z_interaction,2,fold_005,no_associations,ok,NA,NA,TRUE,0,0,424,TRUE,1.0444119782704255,0.08369376317087475,0.929998193624445,0.630551483618434,164,41,16,16,0,z_score,1272.4234454417879
pooled_spatiotemporal_age_z_interaction,3,fold_001,full,ok,NA,NA,TRUE,0,0.01,428,TRUE,1.7565048285991212,0.13366675210789009,0.8707382224380767,0.5740554951072424,164,41,16,14,2,z_score,1264.0649676365947
pooled_spatiotemporal_age_z_interaction,3,fold_001,no_abiotic,ok,NA,NA,TRUE,0,0.04,500,FALSE,1.7731439739607544,0.1324883178417446,0.8711267605633802,0.5454592649485123,164,41,16,14,2,z_score,1264.0649676365947
pooled_spatiotemporal_age_z_interaction,3,fold_001,no_spatial,ok,NA,NA,TRUE,0,0,364,TRUE,1.8729850413332523,0.14778717365101715,0.8599077221952404,0.5634589947089947,164,41,16,14,2,z_score,1264.0649676365947
pooled_spatiotemporal_age_z_interaction,3,fold_001,no_associations,ok,NA,NA,TRUE,0,0.04,344,TRUE,1.6005799984326077,0.13126763780581763,0.8816901408450705,0.6100343310860784,164,41,16,14,2,z_score,1264.0649676365947
pooled_spatiotemporal_age_z_interaction,3,fold_002,full,ok,NA,NA,TRUE,0,0.01,366,TRUE,0.8560734537321628,0.06549110688828062,0.9390669598989284,0.6015481054883229,164,41,16,16,0,z_score,1324.7265732181165
pooled_spatiotemporal_age_z_interaction,3,fold_002,no_abiotic,ok,NA,NA,TRUE,0,0.02,500,FALSE,0.9524314557608805,0.07029778010699181,0.9316924804641804,0.5499341238471673,164,41,16,16,0,z_score,1324.7265732181165
pooled_spatiotemporal_age_z_interaction,3,fold_002,no_spatial,ok,NA,NA,TRUE,0,0.07,303,TRUE,0.993548641790153,0.07855044046559675,0.9294183706892518,0.5695332755115364,164,41,16,16,0,z_score,1324.7265732181165
pooled_spatiotemporal_age_z_interaction,3,fold_002,no_associations,ok,NA,NA,TRUE,0,0.02,311,TRUE,0.7865248590921979,0.06412014562261316,0.9442515558467082,0.657338927998253,164,41,16,16,0,z_score,1324.7265732181165
pooled_spatiotemporal_age_z_interaction,3,fold_003,full,ok,NA,NA,TRUE,0,0.01,340,TRUE,1.2441368139917728,0.09581936645381393,0.9157958907632664,0.601519568997672,164,41,16,16,0,z_score,1259.45474142505
pooled_spatiotemporal_age_z_interaction,3,fold_003,no_abiotic,ok,NA,NA,TRUE,0,0,269,TRUE,1.31027937988043,0.09591306911017076,0.9092900755360391,0.5456179860227837,164,41,16,16,0,z_score,1259.45474142505
pooled_spatiotemporal_age_z_interaction,3,fold_003,no_spatial,ok,NA,NA,TRUE,0,0.01,263,TRUE,1.562258998339481,0.11953509075120364,0.8950925387919949,0.5529298753555046,164,41,16,16,0,z_score,1259.45474142505
pooled_spatiotemporal_age_z_interaction,3,fold_003,no_associations,ok,NA,NA,TRUE,0,0.03,289,TRUE,1.22667337916944,0.09565287081033332,0.9169913224045798,0.619054665480137,164,41,16,16,0,z_score,1259.45474142505
pooled_spatiotemporal_age_z_interaction,3,fold_004,full,ok,NA,NA,TRUE,0,0.01,268,TRUE,1.1384217855213148,0.09177135270480438,0.9164657232903949,0.5749124419345008,164,41,16,15,1,z_score,1278.8749345847477
pooled_spatiotemporal_age_z_interaction,3,fold_004,no_abiotic,ok,NA,NA,TRUE,0,0.02,303,TRUE,1.253577767704775,0.09495528150519475,0.9093480973835057,0.5508958198664081,164,41,16,15,1,z_score,1278.8749345847477
pooled_spatiotemporal_age_z_interaction,3,fold_004,no_spatial,ok,NA,NA,TRUE,0,0.01,231,TRUE,1.2636650447160882,0.1052166429782979,0.9064344184275652,0.5458518388297801,164,41,16,15,1,z_score,1278.8749345847477
pooled_spatiotemporal_age_z_interaction,3,fold_004,no_associations,ok,NA,NA,TRUE,0,0.03,296,TRUE,1.0887434058700676,0.08801316178516229,0.9189404996086892,0.6237072758763935,164,41,16,15,1,z_score,1278.8749345847477
pooled_spatiotemporal_age_z_interaction,3,fold_005,full,ok,NA,NA,TRUE,0,0.01,500,FALSE,1.461047493441481,0.1078868344191046,0.894797557750204,0.5603343246532101,164,41,16,16,0,z_score,1279.8398530202994
pooled_spatiotemporal_age_z_interaction,3,fold_005,no_abiotic,ok,NA,NA,TRUE,0,0.01,215,TRUE,1.5916853152049355,0.11833486982243382,0.8856531892743592,0.529651943738631,164,41,16,16,0,z_score,1279.8398530202994
pooled_spatiotemporal_age_z_interaction,3,fold_005,no_spatial,ok,NA,NA,TRUE,0,0,343,TRUE,1.5815052322910486,0.11969487290021891,0.8866098308995245,0.5322547507532027,164,41,16,16,0,z_score,1279.8398530202994
pooled_spatiotemporal_age_z_interaction,3,fold_005,no_associations,ok,NA,NA,TRUE,0,0.01,251,TRUE,1.4126241132298138,0.1079391988053344,0.8980238785252713,0.5699256621083246,164,41,16,16,0,z_score,1279.8398530202994
pooled_spatiotemporal_age_z_interaction,4,fold_001,full,ok,NA,NA,TRUE,0,0.01,420,TRUE,1.2953564038438847,0.09686025416295607,0.9089166501421112,0.5746768492898524,164,41,16,16,0,z_score,1318.8682409851092
pooled_spatiotemporal_age_z_interaction,4,fold_001,no_abiotic,ok,NA,NA,TRUE,0,0.02,423,TRUE,1.396801672044295,0.10297008160683709,0.9015136492828343,0.5327123770622223,164,41,16,16,0,z_score,1318.8682409851092
pooled_spatiotemporal_age_z_interaction,4,fold_001,no_spatial,ok,NA,NA,TRUE,0,0.02,414,TRUE,1.405000702815993,0.11031520513837141,0.9023304344541703,0.5394640447272027,164,41,16,16,0,z_score,1318.8682409851092
pooled_spatiotemporal_age_z_interaction,4,fold_001,no_associations,ok,NA,NA,TRUE,0,0.04,289,TRUE,1.2442209607713777,0.09548975131391431,0.9122734955572552,0.5760482967139314,164,41,16,16,0,z_score,1318.8682409851092
pooled_spatiotemporal_age_z_interaction,4,fold_002,full,ok,NA,NA,TRUE,0,0.05,281,TRUE,1.2056975850814111,0.09416179849636816,0.9125280898876404,0.5866983869501453,164,41,16,16,0,z_score,1292.3073771457346
pooled_spatiotemporal_age_z_interaction,4,fold_002,no_abiotic,ok,NA,NA,TRUE,0,0.04,327,TRUE,1.264812333949665,0.09634090111848262,0.9084035580524344,0.5663820441334029,164,41,16,16,0,z_score,1292.3073771457346
pooled_spatiotemporal_age_z_interaction,4,fold_002,no_spatial,ok,NA,NA,TRUE,0,0.04,293,TRUE,1.5468452256098557,0.12021944567765976,0.8896161048689138,0.5224409734679876,164,41,16,16,0,z_score,1292.3073771457346
pooled_spatiotemporal_age_z_interaction,4,fold_002,no_associations,ok,NA,NA,TRUE,0,0.01,279,TRUE,1.110847809487192,0.09061483264798169,0.9188951310861423,0.6106370481170673,164,41,16,16,0,z_score,1292.3073771457346
pooled_spatiotemporal_age_z_interaction,4,fold_003,full,ok,NA,NA,TRUE,0,0,390,TRUE,1.2733814765450864,0.09745475570487834,0.9124906894958656,0.5823834139623614,164,41,16,16,0,z_score,1278.4946152491252
pooled_spatiotemporal_age_z_interaction,4,fold_003,no_abiotic,ok,NA,NA,TRUE,0,0,374,TRUE,1.3404125511764118,0.10015449876264626,0.9061501183259006,0.5390197521776469,164,41,16,16,0,z_score,1278.4946152491252
pooled_spatiotemporal_age_z_interaction,4,fold_003,no_spatial,ok,NA,NA,TRUE,0,0.01,190,TRUE,1.3418155742024036,0.10631884875812275,0.9058814101053148,0.5629691156006945,164,41,16,16,0,z_score,1278.4946152491252
pooled_spatiotemporal_age_z_interaction,4,fold_003,no_associations,ok,NA,NA,TRUE,0,0.02,178,TRUE,1.2380894027540812,0.0941016484206274,0.9131082469852824,0.5830444133075712,164,41,16,16,0,z_score,1278.4946152491252
pooled_spatiotemporal_age_z_interaction,4,fold_004,full,ok,NA,NA,TRUE,0,0.01,370,TRUE,1.311716770104068,0.10302625718473307,0.9018220714971618,0.5995685633166283,164,41,16,14,2,z_score,1284.7591273318928
pooled_spatiotemporal_age_z_interaction,4,fold_004,no_abiotic,ok,NA,NA,TRUE,0,0.01,431,TRUE,1.4260780401972708,0.10463850381525931,0.8956715166101448,0.5508026695526695,164,41,16,14,2,z_score,1284.7591273318928
pooled_spatiotemporal_age_z_interaction,4,fold_004,no_spatial,ok,NA,NA,TRUE,0,0.01,251,TRUE,1.440305979722349,0.11619318891045742,0.8889435874995442,0.5809685240799792,164,41,16,14,2,z_score,1284.7591273318928
pooled_spatiotemporal_age_z_interaction,4,fold_004,no_associations,ok,NA,NA,TRUE,0,0.03,200,TRUE,1.271056300257054,0.1039700741253881,0.9041011802744655,0.6160605648221747,164,41,16,14,2,z_score,1284.7591273318928
pooled_spatiotemporal_age_z_interaction,4,fold_005,full,ok,NA,NA,TRUE,0,0.03,211,TRUE,1.3530325104001504,0.1049859261100449,0.9025981918305145,0.5790096071346071,164,41,16,16,0,z_score,1237.4274200055272
pooled_spatiotemporal_age_z_interaction,4,fold_005,no_abiotic,ok,NA,NA,TRUE,0,0.03,405,TRUE,1.4034644860785035,0.10473379783336802,0.8984938153872044,0.5385616385616385,164,41,16,16,0,z_score,1237.4274200055272
pooled_spatiotemporal_age_z_interaction,4,fold_005,no_spatial,ok,NA,NA,TRUE,0,0,395,TRUE,1.4228918196344873,0.11227279969291226,0.896913770697183,0.5601976633226633,164,41,16,16,0,z_score,1237.4274200055272
pooled_spatiotemporal_age_z_interaction,4,fold_005,no_associations,ok,NA,NA,TRUE,0,0.01,289,TRUE,1.3007265605024718,0.10700889861077545,0.9070110977103376,0.5999403936903936,164,41,16,16,0,z_score,1237.4274200055272
pooled_spatiotemporal_age_z_interaction,5,fold_001,full,ok,NA,NA,TRUE,0,0,300,TRUE,1.3006340977309674,0.10141796706189513,0.90519638195835606,0.6060166917752057,164,41,16,14,2,z_score,1288.55329517001
pooled_spatiotemporal_age_z_interaction,5,fold_001,no_abiotic,ok,NA,NA,TRUE,0,0.01,281,TRUE,1.3662516896653187,0.10384502829223664,0.9011109087597887,0.5526192876715322,164,41,16,14,2,z_score,1288.55329517001
pooled_spatiotemporal_age_z_interaction,5,fold_001,no_spatial,ok,NA,NA,TRUE,0,0.02,272,TRUE,1.4289654369811828,0.11292142742881617,0.8938869665513264,0.5636238297422508,164,41,16,14,2,z_score,1288.55329517001
pooled_spatiotemporal_age_z_interaction,5,fold_001,no_associations,ok,NA,NA,TRUE,0,0.04,228,TRUE,1.2159234907485625,0.09822305391601067,0.9100042493777697,0.6331258196196277,164,41,16,14,2,z_score,1288.55329517001
pooled_spatiotemporal_age_z_interaction,5,fold_002,full,ok,NA,NA,TRUE,0,0.04,248,TRUE,1.2674323930700866,0.09851199504217664,0.9099229966434434,0.6164031079698246,164,41,16,16,0,z_score,1272.3646454974203
pooled_spatiotemporal_age_z_interaction,5,fold_002,no_abiotic,ok,NA,NA,TRUE,0,0.03,327,TRUE,1.3999137424350216,0.10407517545695182,0.8989930330296448,0.561633198552239,164,41,16,16,0,z_score,1272.3646454974203
pooled_spatiotemporal_age_z_interaction,5,fold_002,no_spatial,ok,NA,NA,TRUE,0,0.01,430,TRUE,1.5651604875547473,0.11959703654331234,0.8884861647815417,0.5576073801529622,164,41,16,16,0,z_score,1272.3646454974203
pooled_spatiotemporal_age_z_interaction,5,fold_002,no_associations,ok,NA,NA,TRUE,0,0.04,153,TRUE,1.2437528645178153,0.09643110191503851,0.9110841583692965,0.6230425543819983,164,41,16,16,0,z_score,1272.3646454974203
pooled_spatiotemporal_age_z_interaction,5,fold_003,full,ok,NA,NA,TRUE,0,0.01,389,TRUE,1.467421165327948,0.11030216727528952,0.8950421348314607,0.5609958746178321,164,41,16,16,0,z_score,1295.9062605225924
pooled_spatiotemporal_age_z_interaction,5,fold_003,no_abiotic,ok,NA,NA,TRUE,0,0.04,218,TRUE,1.5900959697054522,0.11713307265307574,0.8867883895131086,0.5278406234288587,164,41,16,16,0,z_score,1295.9062605225924
pooled_spatiotemporal_age_z_interaction,5,fold_003,no_spatial,ok,NA,NA,TRUE,0,0.02,289,TRUE,1.5091786843155888,0.11806514357186094,0.8922003745318352,0.5604641069714599,164,41,16,16,0,z_score,1295.9062605225924
pooled_spatiotemporal_age_z_interaction,5,fold_003,no_associations,ok,NA,NA,TRUE,0,0.03,289,TRUE,1.395257076338947,0.10731345957678085,0.9003932584269663,0.5767910475821226,164,41,16,16,0,z_score,1295.9062605225924
pooled_spatiotemporal_age_z_interaction,5,fold_004,full,ok,NA,NA,TRUE,0,0.01,464,TRUE,1.1081026519650887,0.08403374945267206,0.9216877716877717,0.5656861084821612,164,41,16,16,0,z_score,1290.4534428966062
pooled_spatiotemporal_age_z_interaction,5,fold_004,no_abiotic,ok,NA,NA,TRUE,0,0.03,404,TRUE,1.1412538820134217,0.08389960804202924,0.9192165942165942,0.5484948731823732,164,41,16,16,0,z_score,1290.4534428966062
pooled_spatiotemporal_age_z_interaction,5,fold_004,no_spatial,ok,NA,NA,TRUE,0,0.01,476,TRUE,1.4473966488274101,0.10884009910960309,0.9001134001134001,0.5222218229397022,164,41,16,16,0,z_score,1290.4534428966062
pooled_spatiotemporal_age_z_interaction,5,fold_004,no_associations,ok,NA,NA,TRUE,0,0.06,318,TRUE,1.1065361049367528,0.08309314849118031,0.9214137214137215,0.5649926504309244,164,41,16,16,0,z_score,1290.4534428966062
pooled_spatiotemporal_age_z_interaction,5,fold_005,full,ok,NA,NA,TRUE,0,0.03,380,TRUE,1.289901753359605,0.10075502272792211,0.9060867293625914,0.5606301532489001,164,41,16,16,0,z_score,1264.1056583084144
pooled_spatiotemporal_age_z_interaction,5,fold_005,no_abiotic,ok,NA,NA,TRUE,0,0.01,274,TRUE,1.2940331414191537,0.09643590549330265,0.9058674802209284,0.5334967939430414,164,41,16,16,0,z_score,1264.1056583084144
pooled_spatiotemporal_age_z_interaction,5,fold_005,no_spatial,ok,NA,NA,TRUE,0,0.03,421,TRUE,1.3722376483422523,0.10611155641500532,0.8999944021495746,0.545573473568254,164,41,16,16,0,z_score,1264.1056583084144
pooled_spatiotemporal_age_z_interaction,5,fold_005,no_associations,ok,NA,NA,TRUE,0,0.05,154,TRUE,1.2350170674361343,0.10317599768810504,0.9106489774593223,0.5878066042572608,164,41,16,16,0,z_score,1264.1056583084144
pooled_spatiotemporal_age_z_main,1,fold_001,full,ok,NA,NA,TRUE,0,0.02,457,TRUE,1.3109207959327625,0.10165747293186207,0.9043396454885012,0.576945879901129,164,41,16,16,0,z_score,1280.5703677878082
pooled_spatiotemporal_age_z_main,1,fold_001,no_abiotic,ok,NA,NA,TRUE,0,0.03,256,TRUE,1.453156730943414,0.10518271646441463,0.8948062109371362,0.5246537553355736,164,41,16,16,0,z_score,1280.5703677878082
pooled_spatiotemporal_age_z_main,1,fold_001,no_spatial,ok,NA,NA,TRUE,0,0.02,343,TRUE,1.3973578671538418,0.11224595312883832,0.8958634115444444,0.531807600411597,164,41,16,16,0,z_score,1280.5703677878082
pooled_spatiotemporal_age_z_main,1,fold_001,no_associations,ok,NA,NA,TRUE,0,0.02,329,TRUE,1.2669468413579923,0.1037247712524397,0.9070501774420403,0.5805106511604541,164,41,16,16,0,z_score,1280.5703677878082
pooled_spatiotemporal_age_z_main,1,fold_002,full,ok,NA,NA,TRUE,0,0,285,TRUE,1.281484618613712,0.09821204003579086,0.9103090808463536,0.5888455763455763,164,41,16,15,1,z_score,1335.6766996535152
pooled_spatiotemporal_age_z_main,1,fold_002,no_abiotic,ok,NA,NA,TRUE,0,0.02,216,TRUE,1.3183784158398735,0.09935986831720467,0.9075258631699945,0.5467709842709843,164,41,16,15,1,z_score,1335.6766996535152
pooled_spatiotemporal_age_z_main,1,fold_002,no_spatial,ok,NA,NA,TRUE,0,0.01,432,TRUE,1.3668431429135355,0.10414576277883149,0.903917791306569,0.5560452855907402,164,41,16,15,1,z_score,1335.6766996535152
pooled_spatiotemporal_age_z_main,1,fold_002,no_associations,ok,NA,NA,TRUE,0,0.02,287,TRUE,1.2213043275174684,0.09688654252868553,0.9143375622631871,0.6234930412561992,164,41,16,15,1,z_score,1335.6766996535152
pooled_spatiotemporal_age_z_main,1,fold_003,full,ok,NA,NA,TRUE,0,0.01,248,TRUE,1.413212852112523,0.10548286538643085,0.9021419811186219,0.5723894341695047,164,41,16,16,0,z_score,1283.8998880907861
pooled_spatiotemporal_age_z_main,1,fold_003,no_abiotic,ok,NA,NA,TRUE,0,0.04,471,TRUE,1.4741187385226613,0.11165922840448912,0.8980063318216822,0.5472749922142635,164,41,16,16,0,z_score,1283.8998880907861
pooled_spatiotemporal_age_z_main,1,fold_003,no_spatial,ok,NA,NA,TRUE,0,0.02,345,TRUE,1.5959266282220754,0.12618730566276057,0.8896589753096983,0.5385893346419662,164,41,16,16,0,z_score,1283.8998880907861
pooled_spatiotemporal_age_z_main,1,fold_003,no_associations,ok,NA,NA,TRUE,0,0.02,248,TRUE,1.4072433244133193,0.1061645612312141,0.9016951408497571,0.5682209755476048,164,41,16,16,0,z_score,1283.8998880907861
pooled_spatiotemporal_age_z_main,1,fold_004,full,ok,NA,NA,TRUE,0,0.03,461,TRUE,1.1364904823134103,0.08791869848136541,0.9190579546735821,0.6014734809269222,164,41,16,16,0,z_score,1215.0354573639008
pooled_spatiotemporal_age_z_main,1,fold_004,no_abiotic,ok,NA,NA,TRUE,0,0.03,471,TRUE,1.173053076265547,0.0891085246377495,0.916427068064795,0.5569665093450519,164,41,16,16,0,z_score,1215.0354573639008
pooled_spatiotemporal_age_z_main,1,fold_004,no_spatial,ok,NA,NA,TRUE,0,0.01,233,TRUE,1.3605935085749314,0.10755337732847374,0.9029625662419664,0.5480770134110216,164,41,16,16,0,z_score,1215.0354573639008
pooled_spatiotemporal_age_z_main,1,fold_004,no_associations,ok,NA,NA,TRUE,0,0.01,221,TRUE,1.0902543778414633,0.08913901479853631,0.9229103243507347,0.631287275568652,164,41,16,16,0,z_score,1215.0354573639008
pooled_spatiotemporal_age_z_main,1,fold_005,full,ok,NA,NA,TRUE,0,0.01,214,TRUE,1.202752233933492,0.09715655139643148,0.9105609374339017,0.5879499585381939,164,41,16,15,1,z_score,1293.4177391132228
pooled_spatiotemporal_age_z_main,1,fold_005,no_abiotic,ok,NA,NA,TRUE,0,0.03,323,TRUE,1.4904732615912077,0.1099957344310665,0.8919793561487372,0.5297413938718286,164,41,16,15,1,z_score,1293.4177391132228
pooled_spatiotemporal_age_z_main,1,fold_005,no_spatial,ok,NA,NA,TRUE,0,0.02,231,TRUE,1.3019607737459544,0.10632910374048321,0.9014763737890774,0.5719424146096646,164,41,16,15,1,z_score,1293.4177391132228
pooled_spatiotemporal_age_z_main,1,fold_005,no_associations,ok,NA,NA,TRUE,0,0,250,TRUE,1.1348547627057,0.0957644191622615,0.91492871948898,0.599061559355677,164,41,16,15,1,z_score,1293.4177391132228
pooled_spatiotemporal_age_z_main,2,fold_001,full,ok,NA,NA,TRUE,0,0.01,248,TRUE,1.1556270046983308,0.08908913050776687,0.9189444009692352,0.6134437310230654,164,41,16,16,0,z_score,1276.3751888158004
pooled_spatiotemporal_age_z_main,2,fold_001,no_abiotic,ok,NA,NA,TRUE,0,0.03,297,TRUE,1.245062302855286,0.09671722494968231,0.9124671185993231,0.5684024470111931,164,41,16,16,0,z_score,1276.3751888158004
pooled_spatiotemporal_age_z_main,2,fold_001,no_spatial,ok,NA,NA,TRUE,0,0.01,319,TRUE,1.351687513453324,0.11015797772879185,0.9046227242299388,0.5751475867091193,164,41,16,16,0,z_score,1276.3751888158004
pooled_spatiotemporal_age_z_main,2,fold_001,no_associations,ok,NA,NA,TRUE,0,0.03,248,TRUE,1.1072429777277255,0.08780509149433753,0.92260260411265,0.6208811338939048,164,41,16,16,0,z_score,1276.3751888158004
pooled_spatiotemporal_age_z_main,2,fold_002,full,ok,NA,NA,TRUE,0,0.04,390,TRUE,1.6256175360737501,0.1266731894228694,0.8789606159312999,0.5787858854502569,164,41,16,15,1,z_score,1263.028763701782
pooled_spatiotemporal_age_z_main,2,fold_002,no_abiotic,ok,NA,NA,TRUE,0,0.01,257,TRUE,1.8208751989271008,0.13205088864811637,0.8676868733871991,0.5318013145710467,164,41,16,15,1,z_score,1263.028763701782
pooled_spatiotemporal_age_z_main,2,fold_002,no_spatial,ok,NA,NA,TRUE,0,0.02,296,TRUE,1.5438376619054934,0.1322198184682795,0.885226743940099,0.5741840304452555,164,41,16,15,1,z_score,1263.028763701782
pooled_spatiotemporal_age_z_main,2,fold_002,no_associations,ok,NA,NA,TRUE,0,0.02,265,TRUE,1.4973333260563924,0.12405580717339124,0.8876908921697195,0.6001136527093147,164,41,16,15,1,z_score,1263.028763701782
pooled_spatiotemporal_age_z_main,2,fold_003,full,ok,NA,NA,TRUE,0,0.01,283,TRUE,1.2970387083136192,0.10324933820488644,0.906737176097303,0.5658103836836869,164,41,16,15,1,z_score,1302.9844941324986
pooled_spatiotemporal_age_z_main,2,fold_003,no_abiotic,ok,NA,NA,TRUE,0,0.03,375,TRUE,1.4290947669920313,0.10531624628435508,0.896890534108937,0.5289883193729348,164,41,16,15,1,z_score,1302.9844941324986
pooled_spatiotemporal_age_z_main,2,fold_003,no_spatial,ok,NA,NA,TRUE,0,0.02,260,TRUE,1.245598618484317,0.104260735846487,0.9076150185087255,0.5668698174354283,164,41,16,15,1,z_score,1302.9844941324986
pooled_spatiotemporal_age_z_main,2,fold_003,no_associations,ok,NA,NA,TRUE,0,0.07,340,TRUE,1.2491944546904372,0.1055893286461566,0.9081702802749868,0.5925762692731018,164,41,16,15,1,z_score,1302.9844941324986
pooled_spatiotemporal_age_z_main,2,fold_004,full,ok,NA,NA,TRUE,0,0.01,393,TRUE,1.110713556573353,0.0844980533796692,0.9209647147147147,0.5972724978481557,164,41,16,16,0,z_score,1290.7288045616065
pooled_spatiotemporal_age_z_main,2,fold_004,no_abiotic,ok,NA,NA,TRUE,0,0,171,TRUE,1.211893355869604,0.09079121442950394,0.9130020645645646,0.5624573784524443,164,41,16,16,0,z_score,1290.7288045616065
pooled_spatiotemporal_age_z_main,2,fold_004,no_spatial,ok,NA,NA,TRUE,0,0.03,381,TRUE,1.326891586717575,0.107482792819225,0.9040305930930931,0.5454535402677818,164,41,16,16,0,z_score,1290.7288045616065
pooled_spatiotemporal_age_z_main,2,fold_004,no_associations,ok,NA,NA,TRUE,0,0.01,500,FALSE,1.0312531350369971,0.08469202949196647,0.9272569444444444,0.6226278685982634,164,41,16,16,0,z_score,1290.7288045616065
pooled_spatiotemporal_age_z_main,2,fold_005,full,ok,NA,NA,TRUE,0,0.03,363,TRUE,1.087201611655857,0.08246075037893298,0.9259433558654916,0.5936267668949557,164,41,16,16,0,z_score,1272.4234454417879
pooled_spatiotemporal_age_z_main,2,fold_005,no_abiotic,ok,NA,NA,TRUE,0,0.04,311,TRUE,1.090065649717609,0.08350362845898239,0.9258720515672685,0.544852759684416,164,41,16,16,0,z_score,1272.4234454417879
pooled_spatiotemporal_age_z_main,2,fold_005,no_spatial,ok,NA,NA,TRUE,0,0.01,382,TRUE,1.2741333667214894,0.1012444862942648,0.9136362339921851,0.5436590166369578,164,41,16,16,0,z_score,1272.4234454417879
pooled_spatiotemporal_age_z_main,2,fold_005,no_associations,ok,NA,NA,TRUE,0,0.02,306,TRUE,1.0075642924034165,0.08226029078550663,0.9316999895420363,0.6432933189512137,164,41,16,16,0,z_score,1272.4234454417879
pooled_spatiotemporal_age_z_main,3,fold_001,full,ok,NA,NA,TRUE,0,0.02,500,FALSE,1.5846394026342838,0.1254924730089859,0.8838817387081107,0.6040855503641122,164,41,16,14,2,z_score,1264.0649676365947
pooled_spatiotemporal_age_z_main,3,fold_001,no_abiotic,ok,NA,NA,TRUE,0,0.04,500,FALSE,1.7731439739607544,0.1324883178417446,0.8711267605633802,0.5454592649485123,164,41,16,14,2,z_score,1264.0649676365947
pooled_spatiotemporal_age_z_main,3,fold_001,no_spatial,ok,NA,NA,TRUE,0,0.01,241,TRUE,1.7509966517115505,0.1420660421907896,0.8686619718309859,0.5741847970084784,164,41,16,14,2,z_score,1264.0649676365947
pooled_spatiotemporal_age_z_main,3,fold_001,no_associations,ok,NA,NA,TRUE,0,0.05,344,TRUE,1.4410189389730181,0.12129936895753407,0.8921563865954347,0.6287605441230997,164,41,16,14,2,z_score,1264.0649676365947
pooled_spatiotemporal_age_z_main,3,fold_002,full,ok,NA,NA,TRUE,0,0.03,366,TRUE,0.8836202224232247,0.06948650606568064,0.9366524729773993,0.5765073093948953,164,41,16,16,0,z_score,1324.7265732181165
pooled_spatiotemporal_age_z_main,3,fold_002,no_abiotic,ok,NA,NA,TRUE,0,0.02,500,FALSE,0.9524314557608805,0.07029778010699181,0.9316924804641804,0.5499341238471673,164,41,16,16,0,z_score,1324.7265732181165
pooled_spatiotemporal_age_z_main,3,fold_002,no_spatial,ok,NA,NA,TRUE,0,0.04,303,TRUE,1.0360386895960154,0.08165645974470816,0.925534602966637,0.5441960367303617,164,41,16,16,0,z_score,1324.7265732181165
pooled_spatiotemporal_age_z_main,3,fold_002,no_associations,ok,NA,NA,TRUE,0,0.01,311,TRUE,0.8304758269255017,0.06818240549363268,0.9403677881240934,0.5969995301588551,164,41,16,16,0,z_score,1324.7265732181165
pooled_spatiotemporal_age_z_main,3,fold_003,full,ok,NA,NA,TRUE,0,0,225,TRUE,1.296492896875739,0.09690989797390574,0.9117142775496985,0.582109758253923,164,41,16,16,0,z_score,1259.45474142505
pooled_spatiotemporal_age_z_main,3,fold_003,no_abiotic,ok,NA,NA,TRUE,0,0,269,TRUE,1.31027937988043,0.09591306911017076,0.9092900755360391,0.5456179860227837,164,41,16,16,0,z_score,1259.45474142505
pooled_spatiotemporal_age_z_main,3,fold_003,no_spatial,ok,NA,NA,TRUE,0,0.02,301,TRUE,1.4770228433306,0.11313559354973918,0.9001886019641275,0.5380311780769447,164,41,16,16,0,z_score,1259.45474142505
pooled_spatiotemporal_age_z_main,3,fold_003,no_associations,ok,NA,NA,TRUE,0,0.04,225,TRUE,1.266737232190633,0.09588797505891242,0.9146052217978149,0.6032006556606099,164,41,16,16,0,z_score,1259.45474142505
pooled_spatiotemporal_age_z_main,3,fold_004,full,ok,NA,NA,TRUE,0,0,283,TRUE,1.157917120579009,0.09341025918825882,0.9152759269835227,0.6251274043921102,164,41,16,15,1,z_score,1278.8749345847477
pooled_spatiotemporal_age_z_main,3,fold_004,no_abiotic,ok,NA,NA,TRUE,0,0.02,303,TRUE,1.253577767704775,0.09495528150519475,0.9093480973835057,0.5508958198664081,164,41,16,15,1,z_score,1278.8749345847477
pooled_spatiotemporal_age_z_main,3,fold_004,no_spatial,ok,NA,NA,TRUE,0,0.03,325,TRUE,1.2008324194420577,0.10160748362724041,0.9106806692472027,0.5670044389897331,164,41,16,15,1,z_score,1278.8749345847477
pooled_spatiotemporal_age_z_main,3,fold_004,no_associations,ok,NA,NA,TRUE,0,0.02,296,TRUE,1.1059948815309655,0.09218386875954207,0.9186126446263511,0.647448204507028,164,41,16,15,1,z_score,1278.8749345847477
pooled_spatiotemporal_age_z_main,3,fold_005,full,ok,NA,NA,TRUE,0,0.02,390,TRUE,1.4120466545305093,0.11085568908058865,0.898572540633822,0.5710918795767866,164,41,16,16,0,z_score,1279.8398530202994
pooled_spatiotemporal_age_z_main,3,fold_005,no_abiotic,ok,NA,NA,TRUE,0,0.01,215,TRUE,1.5916853152049355,0.11833486982243382,0.8856531892743592,0.529651943738631,164,41,16,16,0,z_score,1279.8398530202994
pooled_spatiotemporal_age_z_main,3,fold_005,no_spatial,ok,NA,NA,TRUE,0,0.01,340,TRUE,1.4584431321831037,0.11806844441392418,0.8947928683304728,0.5521727530725209,164,41,16,16,0,z_score,1279.8398530202994
pooled_spatiotemporal_age_z_main,3,fold_005,no_associations,ok,NA,NA,TRUE,0,0.01,251,TRUE,1.3473072690712176,0.10835503870201975,0.9022255986044286,0.5726837549786467,164,41,16,16,0,z_score,1279.8398530202994
pooled_spatiotemporal_age_z_main,4,fold_001,full,ok,NA,NA,TRUE,0,0,225,TRUE,1.2743850468220974,0.09536217630434957,0.9099883855981417,0.5721396164894617,164,41,16,16,0,z_score,1318.8682409851092
pooled_spatiotemporal_age_z_main,4,fold_001,no_abiotic,ok,NA,NA,TRUE,0,0.02,423,TRUE,1.396801672044295,0.10297008160683709,0.9015136492828343,0.5327123770622223,164,41,16,16,0,z_score,1318.8682409851092
pooled_spatiotemporal_age_z_main,4,fold_001,no_spatial,ok,NA,NA,TRUE,0,0.04,301,TRUE,1.3833190412686585,0.10929135590823999,0.9030905640066854,0.5453796203796204,164,41,16,16,0,z_score,1318.8682409851092
pooled_spatiotemporal_age_z_main,4,fold_001,no_associations,ok,NA,NA,TRUE,0,0.03,289,TRUE,1.2074019892375125,0.0936957758254263,0.9154226037033889,0.5979066067301362,164,41,16,16,0,z_score,1318.8682409851092
pooled_spatiotemporal_age_z_main,4,fold_002,full,ok,NA,NA,TRUE,0,0.05,281,TRUE,1.128501057613622,0.09108734708807092,0.9173735955056179,0.593536434275325,164,41,16,16,0,z_score,1292.3073771457346
pooled_spatiotemporal_age_z_main,4,fold_002,no_abiotic,ok,NA,NA,TRUE,0,0.04,327,TRUE,1.264812333949665,0.09634090111848262,0.9084035580524344,0.5663820441334029,164,41,16,16,0,z_score,1292.3073771457346
pooled_spatiotemporal_age_z_main,4,fold_002,no_spatial,ok,NA,NA,TRUE,0,0.03,389,TRUE,1.500176461318153,0.11558571409092434,0.8919194756554307,0.5237025306558555,164,41,16,16,0,z_score,1292.3073771457346
pooled_spatiotemporal_age_z_main,4,fold_002,no_associations,ok,NA,NA,TRUE,0,0.03,279,TRUE,1.076454992138907,0.08939639852964533,0.9209035580524345,0.6133535624144639,164,41,16,16,0,z_score,1292.3073771457346
pooled_spatiotemporal_age_z_main,4,fold_003,full,ok,NA,NA,TRUE,0,0.05,248,TRUE,1.270361533086361,0.09934553441350319,0.9109444386826697,0.5645892277471225,164,41,16,16,0,z_score,1278.4946152491252
pooled_spatiotemporal_age_z_main,4,fold_003,no_abiotic,ok,NA,NA,TRUE,0,0,374,TRUE,1.3404125511764118,0.10015449876264626,0.9061501183259006,0.5390197521776469,164,41,16,16,0,z_score,1278.4946152491252
pooled_spatiotemporal_age_z_main,4,fold_003,no_spatial,ok,NA,NA,TRUE,0,0.03,190,TRUE,1.3469001656115496,0.10812740038213813,0.9038024570302556,0.5487404566351934,164,41,16,16,0,z_score,1278.4946152491252
pooled_spatiotemporal_age_z_main,4,fold_003,no_associations,ok,NA,NA,TRUE,0,0.01,178,TRUE,1.1862163232165652,0.09781740141187066,0.9179732800316793,0.5957593733909523,164,41,16,16,0,z_score,1278.4946152491252
pooled_spatiotemporal_age_z_main,4,fold_004,full,ok,NA,NA,TRUE,0,0.03,263,TRUE,1.2079710552574547,0.09553073476094254,0.909346169273967,0.6260346142505585,164,41,16,14,2,z_score,1284.7591273318928
pooled_spatiotemporal_age_z_main,4,fold_004,no_abiotic,ok,NA,NA,TRUE,0,0.01,431,TRUE,1.4260780401972708,0.10463850381525931,0.8956715166101448,0.5508026695526695,164,41,16,14,2,z_score,1284.7591273318928
pooled_spatiotemporal_age_z_main,4,fold_004,no_spatial,ok,NA,NA,TRUE,0,0.02,251,TRUE,1.2432244185157482,0.10793908660221337,0.9050249790321993,0.6088915040927425,164,41,16,14,2,z_score,1284.7591273318928
pooled_spatiotemporal_age_z_main,4,fold_004,no_associations,ok,NA,NA,TRUE,0,0.03,200,TRUE,1.0931862224409443,0.09448334652819733,0.9172106139615165,0.6764946547260788,164,41,16,14,2,z_score,1284.7591273318928
pooled_spatiotemporal_age_z_main,4,fold_005,full,ok,NA,NA,TRUE,0,0.01,340,TRUE,1.3504108629757223,0.10822907107162223,0.9019297113847362,0.5973352473352473,164,41,16,16,0,z_score,1237.4274200055272
pooled_spatiotemporal_age_z_main,4,fold_005,no_abiotic,ok,NA,NA,TRUE,0,0.03,405,TRUE,1.4034644860785035,0.10473379783336802,0.8984938153872044,0.5385616385616385,164,41,16,16,0,z_score,1237.4274200055272
pooled_spatiotemporal_age_z_main,4,fold_005,no_spatial,ok,NA,NA,TRUE,0,0,395,TRUE,1.4523304218330266,0.11608479640080825,0.8925803345207042,0.5593980312730313,164,41,16,16,0,z_score,1237.4274200055272
pooled_spatiotemporal_age_z_main,4,fold_005,no_associations,ok,NA,NA,TRUE,0,0.04,211,TRUE,1.2181967411877657,0.10484827841256879,0.9107882459634066,0.6134431821931822,164,41,16,16,0,z_score,1237.4274200055272
pooled_spatiotemporal_age_z_main,5,fold_001,full,ok,NA,NA,TRUE,0,0,372,TRUE,1.28798289146848,0.1027861901900513,0.9063255023371578,0.5783060328532464,164,41,16,14,2,z_score,1288.55329517001
pooled_spatiotemporal_age_z_main,5,fold_001,no_abiotic,ok,NA,NA,TRUE,0,0.01,281,TRUE,1.3662516896653187,0.10384502829223664,0.9011109087597887,0.5526192876715322,164,41,16,14,2,z_score,1288.55329517001
pooled_spatiotemporal_age_z_main,5,fold_001,no_spatial,ok,NA,NA,TRUE,0,0.02,272,TRUE,1.32624317233029,0.11050485606872422,0.901031991744066,0.5448904798459752,164,41,16,14,2,z_score,1288.55329517001
pooled_spatiotemporal_age_z_main,5,fold_001,no_associations,ok,NA,NA,TRUE,0,0.05,228,TRUE,1.1651093459922077,0.09958050730817386,0.9142050628300856,0.6142784685644593,164,41,16,14,2,z_score,1288.55329517001
pooled_spatiotemporal_age_z_main,5,fold_002,full,ok,NA,NA,TRUE,0,0.03,311,TRUE,1.2256419130289147,0.09490590799478013,0.9123722487048581,0.6267932272549283,164,41,16,16,0,z_score,1272.3646454974203
pooled_spatiotemporal_age_z_main,5,fold_002,no_abiotic,ok,NA,NA,TRUE,0,0.03,327,TRUE,1.3999137424350216,0.10407517545695182,0.8989930330296448,0.561633198552239,164,41,16,16,0,z_score,1272.3646454974203
pooled_spatiotemporal_age_z_main,5,fold_002,no_spatial,ok,NA,NA,TRUE,0,0.01,386,TRUE,1.4139311193108275,0.11487985555902241,0.8997640068071343,0.5963705499670472,164,41,16,16,0,z_score,1272.3646454974203
pooled_spatiotemporal_age_z_main,5,fold_002,no_associations,ok,NA,NA,TRUE,0,0.02,389,TRUE,1.1683912198076525,0.09340151640817718,0.9167818426273282,0.6418818655410586,164,41,16,16,0,z_score,1272.3646454974203
pooled_spatiotemporal_age_z_main,5,fold_003,full,ok,NA,NA,TRUE,0,0.01,389,TRUE,1.4929334338538307,0.11245900954034932,0.8932303370786517,0.5561894881937985,164,41,16,16,0,z_score,1295.9062605225924
pooled_spatiotemporal_age_z_main,5,fold_003,no_abiotic,ok,NA,NA,TRUE,0,0.04,218,TRUE,1.5900959697054522,0.11713307265307574,0.8867883895131086,0.5278406234288587,164,41,16,16,0,z_score,1295.9062605225924
pooled_spatiotemporal_age_z_main,5,fold_003,no_spatial,ok,NA,NA,TRUE,0,0,303,TRUE,1.5404360275172255,0.11768138729382098,0.8885299625468165,0.5404003345369979,164,41,16,16,0,z_score,1295.9062605225924
pooled_spatiotemporal_age_z_main,5,fold_003,no_associations,ok,NA,NA,TRUE,0,0,389,TRUE,1.3796710295151629,0.10815443007122345,0.9003604868913858,0.578086452509627,164,41,16,16,0,z_score,1295.9062605225924
pooled_spatiotemporal_age_z_main,5,fold_004,full,ok,NA,NA,TRUE,0,0.02,449,TRUE,1.147075458357918,0.08576862260690347,0.9189094689094689,0.5496479160459423,164,41,16,16,0,z_score,1290.4534428966062
pooled_spatiotemporal_age_z_main,5,fold_004,no_abiotic,ok,NA,NA,TRUE,0,0.03,404,TRUE,1.1412538820134217,0.08389960804202924,0.9192165942165942,0.5484948731823732,164,41,16,16,0,z_score,1290.4534428966062
pooled_spatiotemporal_age_z_main,5,fold_004,no_spatial,ok,NA,NA,TRUE,0,0,391,TRUE,1.412925265392822,0.10900830772067924,0.9013608013608013,0.5145673369028633,164,41,16,16,0,z_score,1290.4534428966062
pooled_spatiotemporal_age_z_main,5,fold_004,no_associations,ok,NA,NA,TRUE,0,0.01,296,TRUE,1.094163486644303,0.0834439634785314,0.9221224721224721,0.5792279582517585,164,41,16,16,0,z_score,1290.4534428966062
pooled_spatiotemporal_age_z_main,5,fold_005,full,ok,NA,NA,TRUE,0,0.01,409,TRUE,1.1011361253661258,0.08630738185315616,0.9187705254515599,0.621346867242508,164,41,16,16,0,z_score,1264.1056583084144
pooled_spatiotemporal_age_z_main,5,fold_005,no_abiotic,ok,NA,NA,TRUE,0,0.01,274,TRUE,1.2940331414191537,0.09643590549330265,0.9058674802209284,0.5334967939430414,164,41,16,16,0,z_score,1264.1056583084144
pooled_spatiotemporal_age_z_main,5,fold_005,no_spatial,ok,NA,NA,TRUE,0,0.03,313,TRUE,1.2708502761788076,0.09954333610439042,0.9050138080310494,0.5694131897778232,164,41,16,16,0,z_score,1264.1056583084144
pooled_spatiotemporal_age_z_main,5,fold_005,no_associations,ok,NA,NA,TRUE,0,0.01,500,FALSE,1.0597694251297376,0.08899122573502231,0.9216767427974325,0.6388874781669188,164,41,16,16,0,z_score,1264.1056583084144
pooled_spatiotemporal_no_age,1,fold_001,full,ok,NA,NA,TRUE,0,0.01,439,TRUE,1.3622139997383418,0.1027584206187527,0.9003716502575471,0.5474611384018927,164,41,16,16,0,center,NA
pooled_spatiotemporal_no_age,1,fold_001,no_abiotic,ok,NA,NA,TRUE,0,0.03,256,TRUE,1.453156730943414,0.10518271646441463,0.8948062109371362,0.5246537553355736,164,41,16,16,0,center,NA
pooled_spatiotemporal_no_age,1,fold_001,no_spatial,ok,NA,NA,TRUE,0,0.01,263,TRUE,1.465693745626533,0.11451093678206875,0.8920817071694036,0.5230508069658084,164,41,16,16,0,center,NA
pooled_spatiotemporal_no_age,1,fold_001,no_associations,ok,NA,NA,TRUE,0,0.05,165,TRUE,1.342943924589524,0.10654436436257105,0.902164699745713,0.5480685148888076,164,41,16,16,0,center,NA
pooled_spatiotemporal_no_age,1,fold_002,full,ok,NA,NA,TRUE,0,0,241,TRUE,1.2786029568626058,0.09790339298485483,0.9106390225211801,0.5882628257628257,164,41,16,15,1,center,NA
pooled_spatiotemporal_no_age,1,fold_002,no_abiotic,ok,NA,NA,TRUE,0,0.02,216,TRUE,1.3183784158398735,0.09935986831720467,0.9075258631699945,0.5467709842709843,164,41,16,15,1,center,NA
pooled_spatiotemporal_no_age,1,fold_002,no_spatial,ok,NA,NA,TRUE,0,0.03,298,TRUE,1.4087297670622303,0.10607755401732138,0.9010387841117119,0.5497668997668997,164,41,16,15,1,center,NA
pooled_spatiotemporal_no_age,1,fold_002,no_associations,ok,NA,NA,TRUE,0,0.01,262,TRUE,1.2387073810419398,0.09681439385810275,0.9133104857592916,0.6142808570440149,164,41,16,15,1,center,NA
pooled_spatiotemporal_no_age,1,fold_003,full,ok,NA,NA,TRUE,0,0,500,FALSE,1.4213014405309374,0.10538110523559717,0.9007539241132122,0.5656054624057758,164,41,16,16,0,center,NA
pooled_spatiotemporal_no_age,1,fold_003,no_abiotic,ok,NA,NA,TRUE,0,0.04,471,TRUE,1.4741187385226613,0.11165922840448912,0.8980063318216822,0.5472749922142635,164,41,16,16,0,center,NA
pooled_spatiotemporal_no_age,1,fold_003,no_spatial,ok,NA,NA,TRUE,0,0.01,308,TRUE,1.689449722961794,0.1294872579015691,0.8837217040776552,0.5248732261890157,164,41,16,16,0,center,NA
pooled_spatiotemporal_no_age,1,fold_003,no_associations,ok,NA,NA,TRUE,0,0.02,201,TRUE,1.4257623045175485,0.10674126107199854,0.9000408811309812,0.559460291786921,164,41,16,16,0,center,NA
pooled_spatiotemporal_no_age,1,fold_004,full,ok,NA,NA,TRUE,0,0.01,401,TRUE,1.143528274658445,0.08980151872889494,0.9188794302251287,0.5863515974852007,164,41,16,16,0,center,NA
pooled_spatiotemporal_no_age,1,fold_004,no_abiotic,ok,NA,NA,TRUE,0,0.03,471,TRUE,1.173053076265547,0.0891085246377495,0.916427068064795,0.5569665093450519,164,41,16,16,0,center,NA
pooled_spatiotemporal_no_age,1,fold_004,no_spatial,ok,NA,NA,TRUE,0,0,500,FALSE,1.4385881839364913,0.11102651142452488,0.8984101928064043,0.5228632946244283,164,41,16,16,0,center,NA
pooled_spatiotemporal_no_age,1,fold_004,no_associations,ok,NA,NA,TRUE,0,0.02,293,TRUE,1.1090879965035285,0.09034136106120741,0.9210921937835908,0.6017498203733022,164,41,16,16,0,center,NA
pooled_spatiotemporal_no_age,1,fold_005,full,ok,NA,NA,TRUE,0,0,335,TRUE,1.2941277657527053,0.1024603756568045,0.9060503828419137,0.5688470026705321,164,41,16,15,1,center,NA
pooled_spatiotemporal_no_age,1,fold_005,no_abiotic,ok,NA,NA,TRUE,0,0.03,323,TRUE,1.4904732615912077,0.1099957344310665,0.8919793561487372,0.5297413938718286,164,41,16,15,1,center,NA
pooled_spatiotemporal_no_age,1,fold_005,no_spatial,ok,NA,NA,TRUE,0,0.04,265,TRUE,1.3980730087404416,0.1122842715137135,0.8972672278861203,0.5472297754107217,164,41,16,15,1,center,NA
pooled_spatiotemporal_no_age,1,fold_005,no_associations,ok,NA,NA,TRUE,0,0.02,365,TRUE,1.1767851051095481,0.09773359870595916,0.9128188586657642,0.5941171777568837,164,41,16,15,1,center,NA
pooled_spatiotemporal_no_age,2,fold_001,full,ok,NA,NA,TRUE,0,0.06,332,TRUE,1.1841100155516884,0.09102645519568349,0.9172472964181666,0.605697297657437,164,41,16,16,0,center,NA
pooled_spatiotemporal_no_age,2,fold_001,no_abiotic,ok,NA,NA,TRUE,0,0.03,297,TRUE,1.245062302855286,0.09671722494968231,0.9124671185993231,0.5684024470111931,164,41,16,16,0,center,NA
pooled_spatiotemporal_no_age,2,fold_001,no_spatial,ok,NA,NA,TRUE,0,0.02,327,TRUE,1.4435794888001416,0.11283111246721156,0.8982397254461971,0.5495574292013921,164,41,16,16,0,center,NA
pooled_spatiotemporal_no_age,2,fold_001,no_associations,ok,NA,NA,TRUE,0,0.01,261,TRUE,1.122090002416471,0.0884896584072453,0.9213863458510508,0.6133019483735428,164,41,16,16,0,center,NA
pooled_spatiotemporal_no_age,2,fold_002,full,ok,NA,NA,TRUE,0,0.01,370,TRUE,1.7221645636520886,0.12899191434672622,0.8736357290917551,0.5408730905756094,164,41,16,15,1,center,NA
pooled_spatiotemporal_no_age,2,fold_002,no_abiotic,ok,NA,NA,TRUE,0,0.01,257,TRUE,1.8208751989271008,0.13205088864811637,0.8676868733871991,0.5318013145710467,164,41,16,15,1,center,NA
pooled_spatiotemporal_no_age,2,fold_002,no_spatial,ok,NA,NA,TRUE,0,0.03,280,TRUE,1.7843103643097764,0.1365123670967248,0.8690617200389187,0.5301112040943738,164,41,16,15,1,center,NA
pooled_spatiotemporal_no_age,2,fold_002,no_associations,ok,NA,NA,TRUE,0,0,370,TRUE,1.5642230860550104,0.1278428938877788,0.8852161681966242,0.5815159879155615,164,41,16,15,1,center,NA
pooled_spatiotemporal_no_age,2,fold_003,full,ok,NA,NA,TRUE,0,0.03,425,TRUE,1.3906147940092903,0.10514884034152545,0.8993336858804866,0.5587220471835856,164,41,16,15,1,center,NA
pooled_spatiotemporal_no_age,2,fold_003,no_abiotic,ok,NA,NA,TRUE,0,0.03,375,TRUE,1.4290947669920313,0.10531624628435508,0.896890534108937,0.5289883193729348,164,41,16,15,1,center,NA
pooled_spatiotemporal_no_age,2,fold_003,no_spatial,ok,NA,NA,TRUE,0,0.03,351,TRUE,1.4433302620305402,0.11642287149819934,0.8942887361184558,0.5287545787545788,164,41,16,15,1,center,NA
pooled_spatiotemporal_no_age,2,fold_003,no_associations,ok,NA,NA,TRUE,0,0.02,500,FALSE,1.2477898389590185,0.10366935734044386,0.9085193019566367,0.6004220535894744,164,41,16,15,1,center,NA
pooled_spatiotemporal_no_age,2,fold_004,full,ok,NA,NA,TRUE,0,0.02,195,TRUE,1.135195426212402,0.08641917654471032,0.918825075075075,0.5904338853763196,164,41,16,16,0,center,NA
pooled_spatiotemporal_no_age,2,fold_004,no_abiotic,ok,NA,NA,TRUE,0,0,171,TRUE,1.211893355869604,0.09079121442950394,0.9130020645645646,0.5624573784524443,164,41,16,16,0,center,NA
pooled_spatiotemporal_no_age,2,fold_004,no_spatial,ok,NA,NA,TRUE,0,0,248,TRUE,1.3824346844590698,0.10791297513908527,0.9019801051051051,0.5415522242921623,164,41,16,16,0,center,NA
pooled_spatiotemporal_no_age,2,fold_004,no_associations,ok,NA,NA,TRUE,0,0.04,236,TRUE,1.0862895956722287,0.08609814049721663,0.9227430555555556,0.6086075748082327,164,41,16,16,0,center,NA
pooled_spatiotemporal_no_age,2,fold_005,full,ok,NA,NA,TRUE,0,0.02,455,TRUE,1.073058577218025,0.08235420334089412,0.9271555289352842,0.5856440762110267,164,41,16,16,0,center,NA
pooled_spatiotemporal_no_age,2,fold_005,no_abiotic,ok,NA,NA,TRUE,0,0.04,311,TRUE,1.090065649717609,0.08350362845898239,0.9258720515672685,0.544852759684416,164,41,16,16,0,center,NA
pooled_spatiotemporal_no_age,2,fold_005,no_spatial,ok,NA,NA,TRUE,0,0.01,306,TRUE,1.269365734152027,0.09792156340697587,0.9150765808162916,0.5429942810457516,164,41,16,16,0,center,NA
pooled_spatiotemporal_no_age,2,fold_005,no_associations,ok,NA,NA,TRUE,0,0.04,211,TRUE,1.0416523777030964,0.08345484131610349,0.9301312949811281,0.6356440762110267,164,41,16,16,0,center,NA
pooled_spatiotemporal_no_age,3,fold_001,full,ok,NA,NA,TRUE,0,0.05,357,TRUE,1.7294850729101734,0.13439666697146893,0.873300145701797,0.5770336857114411,164,41,16,14,2,center,NA
pooled_spatiotemporal_no_age,3,fold_001,no_abiotic,ok,NA,NA,TRUE,0,0.04,500,FALSE,1.7731439739607544,0.1324883178417446,0.8711267605633802,0.5454592649485123,164,41,16,14,2,center,NA
pooled_spatiotemporal_no_age,3,fold_001,no_spatial,ok,NA,NA,TRUE,0,0,243,TRUE,1.9016895119479347,0.14864209975061438,0.8586024769305488,0.5416087962962963,164,41,16,14,2,center,NA
pooled_spatiotemporal_no_age,3,fold_001,no_associations,ok,NA,NA,TRUE,0,0.01,357,TRUE,1.5629896191031571,0.13125213538983607,0.8844524040796503,0.606240532727428,164,41,16,14,2,center,NA
pooled_spatiotemporal_no_age,3,fold_002,full,ok,NA,NA,TRUE,0,0.03,456,TRUE,0.8548803823268399,0.06467630506227923,0.938954658181648,0.5908695132879915,164,41,16,16,0,center,NA
pooled_spatiotemporal_no_age,3,fold_002,no_abiotic,ok,NA,NA,TRUE,0,0.02,500,FALSE,0.9524314557608805,0.07029778010699181,0.9316924804641804,0.5499341238471673,164,41,16,16,0,center,NA
pooled_spatiotemporal_no_age,3,fold_002,no_spatial,ok,NA,NA,TRUE,0,0,327,TRUE,0.9981968601294908,0.07920984011698438,0.9288708998175097,0.5422936770762857,164,41,16,16,0,center,NA
pooled_spatiotemporal_no_age,3,fold_002,no_associations,ok,NA,NA,TRUE,0,0.01,315,TRUE,0.785904872742903,0.06432048829991405,0.9442889897524683,0.6518146622766188,164,41,16,16,0,center,NA
pooled_spatiotemporal_no_age,3,fold_003,full,ok,NA,NA,TRUE,0,0.01,500,FALSE,1.2109440134626905,0.09265053550617758,0.9186630216320738,0.6073646722111963,164,41,16,16,0,center,NA
pooled_spatiotemporal_no_age,3,fold_003,no_abiotic,ok,NA,NA,TRUE,0,0,269,TRUE,1.31027937988043,0.09591306911017076,0.9092900755360391,0.5456179860227837,164,41,16,16,0,center,NA
pooled_spatiotemporal_no_age,3,fold_003,no_spatial,ok,NA,NA,TRUE,0,0.02,241,TRUE,1.5272424201007073,0.11750351556019163,0.8980739738814856,0.5584348695332677,164,41,16,16,0,center,NA
pooled_spatiotemporal_no_age,3,fold_003,no_associations,ok,NA,NA,TRUE,0,0.03,229,TRUE,1.1883407075455055,0.0927432362728918,0.9199203680595907,0.6119618294399325,164,41,16,16,0,center,NA
pooled_spatiotemporal_no_age,3,fold_004,full,ok,NA,NA,TRUE,0,0.01,260,TRUE,1.1973533729058718,0.0942147312517748,0.9130020940415001,0.5711009684539097,164,41,16,15,1,center,NA
pooled_spatiotemporal_no_age,3,fold_004,no_abiotic,ok,NA,NA,TRUE,0,0.02,303,TRUE,1.253577767704775,0.09495528150519475,0.9093480973835057,0.5508958198664081,164,41,16,15,1,center,NA
pooled_spatiotemporal_no_age,3,fold_004,no_spatial,ok,NA,NA,TRUE,0,0.06,311,TRUE,1.3371389259923998,0.10624835422469849,0.9017386890031094,0.5307885357885358,164,41,16,15,1,center,NA
pooled_spatiotemporal_no_age,3,fold_004,no_associations,ok,NA,NA,TRUE,0,0.02,234,TRUE,1.1217718279689681,0.09281430651011041,0.9175074560568564,0.6139730595980596,164,41,16,15,1,center,NA
pooled_spatiotemporal_no_age,3,fold_005,full,ok,NA,NA,TRUE,0,0.01,211,TRUE,1.4483947843949592,0.10909927201751593,0.895932397325155,0.5648166843987278,164,41,16,16,0,center,NA
pooled_spatiotemporal_no_age,3,fold_005,no_abiotic,ok,NA,NA,TRUE,0,0.01,215,TRUE,1.5916853152049355,0.11833486982243382,0.8856531892743592,0.529651943738631,164,41,16,16,0,center,NA
pooled_spatiotemporal_no_age,3,fold_005,no_spatial,ok,NA,NA,TRUE,0,0.01,227,TRUE,1.5632769144503404,0.12060949285765146,0.8881948547686709,0.5327724477105282,164,41,16,16,0,center,NA
pooled_spatiotemporal_no_age,3,fold_005,no_associations,ok,NA,NA,TRUE,0,0.01,255,TRUE,1.3944119687751215,0.107470905980619,0.8993462948894704,0.5701713744283404,164,41,16,16,0,center,NA
pooled_spatiotemporal_no_age,4,fold_001,full,ok,NA,NA,TRUE,0,0.04,275,TRUE,1.3151128864077435,0.09797602770101806,0.9073491780213969,0.5692787386285838,164,41,16,16,0,center,NA
pooled_spatiotemporal_no_age,4,fold_001,no_abiotic,ok,NA,NA,TRUE,0,0.02,423,TRUE,1.396801672044295,0.10297008160683709,0.9015136492828343,0.5327123770622223,164,41,16,16,0,center,NA
pooled_spatiotemporal_no_age,4,fold_001,no_spatial,ok,NA,NA,TRUE,0,0,241,TRUE,1.389020173594005,0.11169352464684965,0.9036571201948953,0.5383329685961264,164,41,16,16,0,center,NA
pooled_spatiotemporal_no_age,4,fold_001,no_associations,ok,NA,NA,TRUE,0,0.03,229,TRUE,1.2590791601263729,0.09570657714299845,0.9110412358478985,0.5780725882119071,164,41,16,16,0,center,NA
pooled_spatiotemporal_no_age,4,fold_002,full,ok,NA,NA,TRUE,0,0.04,236,TRUE,1.1843800489700647,0.09236405700352424,0.913937265917603,0.5843454822534906,164,41,16,16,0,center,NA
pooled_spatiotemporal_no_age,4,fold_002,no_abiotic,ok,NA,NA,TRUE,0,0.04,327,TRUE,1.264812333949665,0.09634090111848262,0.9084035580524344,0.5663820441334029,164,41,16,16,0,center,NA
pooled_spatiotemporal_no_age,4,fold_002,no_spatial,ok,NA,NA,TRUE,0,0.02,258,TRUE,1.5182357210140247,0.11926517785396067,0.8923080524344569,0.5431711897205024,164,41,16,16,0,center,NA
pooled_spatiotemporal_no_age,4,fold_002,no_associations,ok,NA,NA,TRUE,0,0,252,TRUE,1.125546734812616,0.08974049182208348,0.9178838951310861,0.6146088328792932,164,41,16,16,0,center,NA
pooled_spatiotemporal_no_age,4,fold_003,full,ok,NA,NA,TRUE,0,0.03,332,TRUE,1.322573496130025,0.09931512646950767,0.90778122436665,0.5551203735414262,164,41,16,16,0,center,NA
pooled_spatiotemporal_no_age,4,fold_003,no_abiotic,ok,NA,NA,TRUE,0,0,374,TRUE,1.3404125511764118,0.10015449876264626,0.9061501183259006,0.5390197521776469,164,41,16,16,0,center,NA
pooled_spatiotemporal_no_age,4,fold_003,no_spatial,ok,NA,NA,TRUE,0,0.02,250,TRUE,1.392280525480616,0.11042867996198207,0.9026333405617416,0.5556364766891082,164,41,16,16,0,center,NA
pooled_spatiotemporal_no_age,4,fold_003,no_associations,ok,NA,NA,TRUE,0,0.01,182,TRUE,1.2228859274603683,0.09473579182693875,0.9144895015226799,0.5882304553357185,164,41,16,16,0,center,NA
pooled_spatiotemporal_no_age,4,fold_004,full,ok,NA,NA,TRUE,0,0.03,244,TRUE,1.3234792398231974,0.10196654614707644,0.9009347384798648,0.5753639892958778,164,41,16,14,2,center,NA
pooled_spatiotemporal_no_age,4,fold_004,no_abiotic,ok,NA,NA,TRUE,0,0.01,431,TRUE,1.4260780401972708,0.10463850381525931,0.8956715166101448,0.5508026695526695,164,41,16,14,2,center,NA
pooled_spatiotemporal_no_age,4,fold_004,no_spatial,ok,NA,NA,TRUE,0,0.02,214,TRUE,1.452715325440036,0.11292575971953775,0.8892717791634759,0.5527626742023026,164,41,16,14,2,center,NA
pooled_spatiotemporal_no_age,4,fold_004,no_associations,ok,NA,NA,TRUE,0,0.02,360,TRUE,1.1635120758545656,0.09984684270535342,0.9112666982703084,0.6441761970399741,164,41,16,14,2,center,NA
pooled_spatiotemporal_no_age,4,fold_005,full,ok,NA,NA,TRUE,0,0,236,TRUE,1.3506185148303476,0.1047217771681964,0.9020512532839686,0.5737096987096987,164,41,16,16,0,center,NA
pooled_spatiotemporal_no_age,4,fold_005,no_abiotic,ok,NA,NA,TRUE,0,0.03,405,TRUE,1.4034644860785035,0.10473379783336802,0.8984938153872044,0.5385616385616385,164,41,16,16,0,center,NA
pooled_spatiotemporal_no_age,4,fold_005,no_spatial,ok,NA,NA,TRUE,0,0.03,344,TRUE,1.4077841797454616,0.11183905211302146,0.8985592610252526,0.5597020097020097,164,41,16,16,0,center,NA
pooled_spatiotemporal_no_age,4,fold_005,no_associations,ok,NA,NA,TRUE,0,0.03,201,TRUE,1.3171525767325798,0.10764479439324204,0.9051225235838032,0.5884467915717916,164,41,16,16,0,center,NA
pooled_spatiotemporal_no_age,5,fold_001,full,ok,NA,NA,TRUE,0,0,210,TRUE,1.25097505388817,0.09653521456326525,0.9087476476658775,0.5826876657275264,164,41,16,14,2,center,NA
pooled_spatiotemporal_no_age,5,fold_001,no_abiotic,ok,NA,NA,TRUE,0,0.01,281,TRUE,1.3662516896653187,0.10384502829223664,0.9011109087597887,0.5526192876715322,164,41,16,14,2,center,NA
pooled_spatiotemporal_no_age,5,fold_001,no_spatial,ok,NA,NA,TRUE,0,0.01,216,TRUE,1.38412969544871,0.10954471472701983,0.8975353608935834,0.5419985775248933,164,41,16,14,2,center,NA
pooled_spatiotemporal_no_age,5,fold_001,no_associations,ok,NA,NA,TRUE,0,0,205,TRUE,1.1085408690304641,0.093811216897718,0.9179141625690523,0.6678770609498164,164,41,16,14,2,center,NA
pooled_spatiotemporal_no_age,5,fold_002,full,ok,NA,NA,TRUE,0,0.04,271,TRUE,1.3087013816924173,0.10090996872613639,0.9068767100104363,0.6071728746016603,164,41,16,16,0,center,NA
pooled_spatiotemporal_no_age,5,fold_002,no_abiotic,ok,NA,NA,TRUE,0,0.03,327,TRUE,1.3999137424350216,0.10407517545695182,0.8989930330296448,0.561633198552239,164,41,16,16,0,center,NA
pooled_spatiotemporal_no_age,5,fold_002,no_spatial,ok,NA,NA,TRUE,0,0.03,446,TRUE,1.5907474886683242,0.1232615908032361,0.8867467727225716,0.546183888575193,164,41,16,16,0,center,NA
pooled_spatiotemporal_no_age,5,fold_002,no_associations,ok,NA,NA,TRUE,0,0.02,235,TRUE,1.1985500318164133,0.09692308944520513,0.9146945721565641,0.6286659061260397,164,41,16,16,0,center,NA
pooled_spatiotemporal_no_age,5,fold_003,full,ok,NA,NA,TRUE,0,0,281,TRUE,1.4902178010174254,0.11122264018663058,0.8935299625468165,0.5519048339535155,164,41,16,16,0,center,NA
pooled_spatiotemporal_no_age,5,fold_003,no_abiotic,ok,NA,NA,TRUE,0,0.04,218,TRUE,1.5900959697054522,0.11713307265307574,0.8867883895131086,0.5278406234288587,164,41,16,16,0,center,NA
pooled_spatiotemporal_no_age,5,fold_003,no_spatial,ok,NA,NA,TRUE,0,0.04,293,TRUE,1.5636544468183275,0.12012443930741958,0.8877574906367042,0.5398432449903038,164,41,16,16,0,center,NA
pooled_spatiotemporal_no_age,5,fold_003,no_associations,ok,NA,NA,TRUE,0,0,393,TRUE,1.3610819646761916,0.10712865750781596,0.9027762172284645,0.5864777660923706,164,41,16,16,0,center,NA
pooled_spatiotemporal_no_age,5,fold_004,full,ok,NA,NA,TRUE,0,0.02,425,TRUE,1.1662469549820105,0.08665476961154168,0.9177329427329427,0.549422352136168,164,41,16,16,0,center,NA
pooled_spatiotemporal_no_age,5,fold_004,no_abiotic,ok,NA,NA,TRUE,0,0.03,404,TRUE,1.1412538820134217,0.08389960804202924,0.9192165942165942,0.5484948731823732,164,41,16,16,0,center,NA
pooled_spatiotemporal_no_age,5,fold_004,no_spatial,ok,NA,NA,TRUE,0,0.01,188,TRUE,1.4678681635008974,0.10971754478603135,0.898001323001323,0.5053608781569308,164,41,16,16,0,center,NA
pooled_spatiotemporal_no_age,5,fold_004,no_associations,ok,NA,NA,TRUE,0,0.03,278,TRUE,1.1073087341261,0.08346945887631395,0.9214420714420715,0.5655829282087022,164,41,16,16,0,center,NA
pooled_spatiotemporal_no_age,5,fold_005,full,ok,NA,NA,TRUE,0,0.03,500,FALSE,1.299837244735644,0.09816373832373823,0.9051304299149127,0.5411748773420113,164,41,16,16,0,center,NA
pooled_spatiotemporal_no_age,5,fold_005,no_abiotic,ok,NA,NA,TRUE,0,0.01,274,TRUE,1.2940331414191537,0.09643590549330265,0.9058674802209284,0.5334967939430414,164,41,16,16,0,center,NA
pooled_spatiotemporal_no_age,5,fold_005,no_spatial,ok,NA,NA,TRUE,0,0.03,315,TRUE,1.3120515143799298,0.10262341949237284,0.9045053366174056,0.5260972268844264,164,41,16,16,0,center,NA
pooled_spatiotemporal_no_age,5,fold_005,no_associations,ok,NA,NA,TRUE,0,0,270,TRUE,1.133460387231317,0.09804469713495019,0.9178655396327811,0.5946591550377054,164,41,16,16,0,center,NA
