exception_id,finding_type,current_path,symbol,owner_issue,rationale,expiry_issue
ARCH-141-001,function_naming,R/Functions/Modelling/Cross_validation/adapt_cross_validation_assignments.R,adapt_cross_validation_assignments,#141,Deferred to the frozen-scope cross-validation architecture simplification.,#141
ARCH-141-002,function_naming,R/Functions/Modelling/Cross_validation/assemble_sjsdm_cached_selected_folds.R,assemble_sjsdm_cached_selected_folds,#141,Deferred to the frozen-scope cross-validation architecture simplification.,#141
ARCH-141-003,function_naming,R/Functions/Modelling/Cross_validation/assess_cross_validation_feasibility.R,assess_cross_validation_feasibility,#141,Deferred to the frozen-scope cross-validation architecture simplification.,#141
ARCH-141-004,function_naming,R/Functions/Modelling/Cross_validation/assess_sjsdm_candidate_guardrails.R,assess_sjsdm_candidate_guardrails,#141,Deferred to the frozen-scope cross-validation architecture simplification.,#141
ARCH-141-005,function_naming,R/Functions/Modelling/Cross_validation/assess_sjsdm_scientific_performance.R,assess_sjsdm_scientific_performance,#141,Deferred to the frozen-scope cross-validation architecture simplification.,#141
ARCH-141-006,function_naming,R/Functions/Modelling/Cross_validation/assess_sjsdm_staged_benchmark.R,assess_sjsdm_staged_benchmark,#141,Deferred to the frozen-scope cross-validation architecture simplification.,#141
ARCH-141-007,function_naming,R/Functions/Modelling/Cross_validation/assess_sjsdm_taxon_eligibility.R,assess_sjsdm_taxon_eligibility,#141,Deferred to the frozen-scope cross-validation architecture simplification.,#141
ARCH-141-008,function_naming,R/Functions/Modelling/Cross_validation/assess_spatial_mev_paired_benchmark.R,assess_spatial_mev_paired_benchmark,#141,Deferred to the frozen-scope cross-validation architecture simplification.,#141
ARCH-141-009,function_naming,R/Functions/Modelling/Cross_validation/calibrate_cross_validation_grid_from_resolution.R,calibrate_cross_validation_grid_from_resolution,#141,Deferred to the frozen-scope cross-validation architecture simplification.,#141
ARCH-141-010,function_naming,R/Functions/Modelling/Cross_validation/calibrate_cross_validation_grid_size.R,calibrate_cross_validation_grid_size,#141,Deferred to the frozen-scope cross-validation architecture simplification.,#141
ARCH-141-011,function_naming,R/Functions/Modelling/Cross_validation/collect_sjsdm_available_tier_decisions.R,collect_sjsdm_available_tier_decisions,#141,Deferred to the frozen-scope cross-validation architecture simplification.,#141
ARCH-141-012,function_naming,R/Functions/Modelling/Cross_validation/collect_sjsdm_tuning_summaries.R,collect_sjsdm_tuning_summaries,#141,Deferred to the frozen-scope cross-validation architecture simplification.,#141
ARCH-141-013,function_naming,R/Functions/Modelling/Cross_validation/collect_sjsdm_tuning_timings.R,collect_sjsdm_tuning_timings,#141,Deferred to the frozen-scope cross-validation architecture simplification.,#141
ARCH-141-014,function_naming,R/Functions/Modelling/Cross_validation/combine_sjsdm_tuning_work_items.R,combine_sjsdm_tuning_work_items,#141,Deferred to the frozen-scope cross-validation architecture simplification.,#141
ARCH-141-015,function_naming,R/Functions/Modelling/Cross_validation/compare_sjsdm_decomposition_fold_metrics.R,compare_sjsdm_decomposition_fold_metrics,#141,Deferred to the frozen-scope cross-validation architecture simplification.,#141
ARCH-141-016,function_naming,R/Functions/Modelling/Cross_validation/configure_sjsdm_predictor_structure.R,configure_sjsdm_predictor_structure,#141,Deferred to the frozen-scope cross-validation architecture simplification.,#141
ARCH-141-017,function_naming,R/Functions/Modelling/Cross_validation/get_sjsdm_staged_benchmark_policy.R,get_sjsdm_staged_benchmark_policy,#141,Deferred to the frozen-scope cross-validation architecture simplification.,#141
ARCH-141-018,function_naming,R/Functions/Modelling/Cross_validation/make_cross_validation_assignments_from_resolution.R,make_cross_validation_assignments_from_resolution,#141,Deferred to the frozen-scope cross-validation architecture simplification.,#141
ARCH-141-019,function_naming,R/Functions/Modelling/Cross_validation/make_cross_validation_branch_assignments.R,make_cross_validation_branch_assignments,#141,Deferred to the frozen-scope cross-validation architecture simplification.,#141
ARCH-141-020,function_naming,R/Functions/Modelling/Cross_validation/make_cross_validation_grid_candidates.R,make_cross_validation_grid_candidates,#141,Deferred to the frozen-scope cross-validation architecture simplification.,#141
ARCH-141-021,function_naming,R/Functions/Modelling/Cross_validation/make_cross_validation_grid_candidates_from_resolution.R,make_cross_validation_grid_candidates_from_resolution,#141,Deferred to the frozen-scope cross-validation architecture simplification.,#141
ARCH-141-022,function_naming,R/Functions/Modelling/Cross_validation/make_cross_validation_location_table.R,make_cross_validation_location_table,#141,Deferred to the frozen-scope cross-validation architecture simplification.,#141
ARCH-141-023,function_naming,R/Functions/Modelling/Cross_validation/make_cross_validation_partition_diagnostics.R,make_cross_validation_partition_diagnostics,#141,Deferred to the frozen-scope cross-validation architecture simplification.,#141
ARCH-141-024,function_naming,R/Functions/Modelling/Cross_validation/make_leave_one_location_out_assignments.R,make_leave_one_location_out_assignments,#141,Deferred to the frozen-scope cross-validation architecture simplification.,#141
ARCH-141-025,function_naming,R/Functions/Modelling/Cross_validation/make_sjsdm_empty_selected_fold_artifacts.R,make_sjsdm_empty_selected_fold_artifacts,#141,Deferred to the frozen-scope cross-validation architecture simplification.,#141
ARCH-141-026,function_naming,R/Functions/Modelling/Cross_validation/make_sjsdm_regularization_candidates.R,make_sjsdm_regularization_candidates,#141,Deferred to the frozen-scope cross-validation architecture simplification.,#141
ARCH-141-027,function_naming,R/Functions/Modelling/Cross_validation/make_sjsdm_structured_regularization_candidates.R,make_sjsdm_structured_regularization_candidates,#141,Deferred to the frozen-scope cross-validation architecture simplification.,#141
ARCH-141-028,function_naming,R/Functions/Modelling/Cross_validation/make_sjsdm_tuning_branch_work_items.R,make_sjsdm_tuning_branch_work_items,#141,Deferred to the frozen-scope cross-validation architecture simplification.,#141
ARCH-141-029,function_naming,R/Functions/Modelling/Cross_validation/make_sjsdm_tuning_fold_context.R,make_sjsdm_tuning_fold_context,#141,Deferred to the frozen-scope cross-validation architecture simplification.,#141
ARCH-141-030,function_naming,R/Functions/Modelling/Cross_validation/make_spatial_cross_validation_assignments.R,make_spatial_cross_validation_assignments,#141,Deferred to the frozen-scope cross-validation architecture simplification.,#141
ARCH-141-031,function_naming,R/Functions/Modelling/Cross_validation/read_sjsdm_tier_survivor_decisions.R,read_sjsdm_tier_survivor_decisions,#141,Deferred to the frozen-scope cross-validation architecture simplification.,#141
ARCH-141-032,function_naming,R/Functions/Modelling/Cross_validation/read_sjsdm_tier_tuning_artifact.R,read_sjsdm_tier_tuning_artifact,#141,Deferred to the frozen-scope cross-validation architecture simplification.,#141
ARCH-141-033,nested_named_helper,R/Functions/Modelling/Cross_validation/assemble_sjsdm_cached_selected_folds.R,get_cache_record;prepare_fold_function;fit_function;predict_function,#141,Deferred to the frozen-scope cross-validation architecture simplification.,#141
ARCH-141-034,nested_named_helper,R/Functions/Modelling/Cross_validation/assess_sjsdm_candidate_guardrails.R,prepare_tuning_candidate;prepare_repeat_metrics,#141,Deferred to the frozen-scope cross-validation architecture simplification.,#141
ARCH-141-035,nested_named_helper,R/Functions/Modelling/Cross_validation/evaluate_sjsdm_fold_predictions.R,evaluate_source,#141,Deferred to the frozen-scope cross-validation architecture simplification.,#141
ARCH-141-036,nested_named_helper,R/Functions/Modelling/Cross_validation/run_sjsdm_selected_candidate_folds.R,make_prediction_skeleton,#141,Deferred to the frozen-scope cross-validation architecture simplification.,#141
ARCH-141-037,nested_named_helper,R/Functions/Modelling/Cross_validation/run_sjsdm_tuning_work_item.R,prepare_cached_fold,#141,Deferred to the frozen-scope cross-validation architecture simplification.,#141
ARCH-141-038,nested_named_helper,R/Functions/Modelling/Fit_inputs/prepare_fold_spatial_predictors.R,make_sample_partition,#141,Deferred to the frozen-scope cross-validation architecture simplification.,#141
ARCH-141-039,nested_named_helper,R/Functions/Modelling/Fit_inputs/prepare_model_fold_input.R,make_abiotic_partition,#141,Deferred to the frozen-scope cross-validation architecture simplification.,#141
