contract_name,source_path,contract_type,contract_scope,migration_permission,store_consequence,owning_issue
config_decomposition_data_processing,R/Pipelines/pipeline_paleo_local_cv_decomposition_reference.R,literal_target,persisted_internal,requires_owner_approval,assess_before_rename,#156
config_decomposition_model_fitting,R/Pipelines/pipeline_paleo_local_cv_decomposition_reference.R,literal_target,persisted_internal,requires_owner_approval,assess_before_rename,#156
config_reference_data_processing,R/Pipelines/pipeline_cz_paleo_cv_component_reference.R,literal_target,persisted_internal,requires_owner_approval,assess_before_rename,#156
config_reference_data_processing,R/Pipelines/pipeline_cz_paleo_cv_regularization_reference.R,literal_target,persisted_internal,requires_owner_approval,assess_before_rename,#156
config_reference_model_fitting,R/Pipelines/pipeline_cz_paleo_cv_component_reference.R,literal_target,persisted_internal,requires_owner_approval,assess_before_rename,#156
config_reference_model_fitting,R/Pipelines/pipeline_cz_paleo_cv_regularization_reference.R,literal_target,persisted_internal,requires_owner_approval,assess_before_rename,#156
config_scientific_reference_data_processing,R/Pipelines/pipeline_paleo_local_cv_scientific_reference.R,literal_target,persisted_internal,requires_owner_approval,assess_before_rename,#156
config_scientific_reference_model_fitting,R/Pipelines/pipeline_paleo_local_cv_scientific_reference.R,literal_target,persisted_internal,requires_owner_approval,assess_before_rename,#156
config_source_model_fitting,R/Pipelines/pipeline_paleo_local_cv_scientific_reference.R,literal_target,persisted_internal,requires_owner_approval,assess_before_rename,#156
data_decomposition_abiotic_wide,R/Pipelines/pipeline_paleo_local_cv_decomposition_reference.R,literal_target,persisted_internal,requires_owner_approval,assess_before_rename,#156
data_decomposition_assignments,R/Pipelines/pipeline_paleo_local_cv_decomposition_reference.R,literal_target,persisted_internal,requires_owner_approval,assess_before_rename,#156
data_decomposition_candidate,R/Pipelines/pipeline_paleo_local_cv_decomposition_reference.R,literal_target,persisted_internal,requires_owner_approval,assess_before_rename,#156
data_decomposition_community_matrix,R/Pipelines/pipeline_paleo_local_cv_decomposition_reference.R,literal_target,persisted_internal,requires_owner_approval,assess_before_rename,#156
data_decomposition_coords_projected,R/Pipelines/pipeline_paleo_local_cv_decomposition_reference.R,literal_target,persisted_internal,requires_owner_approval,assess_before_rename,#156
data_decomposition_sample_ids,R/Pipelines/pipeline_paleo_local_cv_decomposition_reference.R,literal_target,persisted_internal,requires_owner_approval,assess_before_rename,#156
data_reference_abiotic_wide,R/Pipelines/pipeline_cz_paleo_cv_component_reference.R,literal_target,persisted_internal,requires_owner_approval,assess_before_rename,#156
data_reference_abiotic_wide,R/Pipelines/pipeline_cz_paleo_cv_regularization_reference.R,literal_target,persisted_internal,requires_owner_approval,assess_before_rename,#156
data_reference_assignments,R/Pipelines/pipeline_cz_paleo_cv_component_reference.R,literal_target,persisted_internal,requires_owner_approval,assess_before_rename,#156
data_reference_assignments,R/Pipelines/pipeline_cz_paleo_cv_regularization_reference.R,literal_target,persisted_internal,requires_owner_approval,assess_before_rename,#156
data_reference_community_matrix,R/Pipelines/pipeline_cz_paleo_cv_component_reference.R,literal_target,persisted_internal,requires_owner_approval,assess_before_rename,#156
data_reference_community_matrix,R/Pipelines/pipeline_cz_paleo_cv_regularization_reference.R,literal_target,persisted_internal,requires_owner_approval,assess_before_rename,#156
data_reference_coords_projected,R/Pipelines/pipeline_cz_paleo_cv_component_reference.R,literal_target,persisted_internal,requires_owner_approval,assess_before_rename,#156
data_reference_coords_projected,R/Pipelines/pipeline_cz_paleo_cv_regularization_reference.R,literal_target,persisted_internal,requires_owner_approval,assess_before_rename,#156
data_reference_eligible_fold_metrics,R/Pipelines/pipeline_cz_paleo_cv_regularization_reference.R,literal_target,persisted_internal,requires_owner_approval,assess_before_rename,#156
data_reference_fold_metrics,R/Pipelines/pipeline_cz_paleo_cv_regularization_reference.R,literal_target,persisted_internal,requires_owner_approval,assess_before_rename,#156
data_reference_sample_ids,R/Pipelines/pipeline_cz_paleo_cv_component_reference.R,literal_target,persisted_internal,requires_owner_approval,assess_before_rename,#156
data_reference_sample_ids,R/Pipelines/pipeline_cz_paleo_cv_regularization_reference.R,literal_target,persisted_internal,requires_owner_approval,assess_before_rename,#156
data_reference_selected_candidate,R/Pipelines/pipeline_cz_paleo_cv_component_reference.R,literal_target,persisted_internal,requires_owner_approval,assess_before_rename,#156
data_reference_selected_candidate,R/Pipelines/pipeline_cz_paleo_cv_regularization_reference.R,literal_target,persisted_internal,requires_owner_approval,assess_before_rename,#156
data_scientific_reference_abiotic_wide,R/Pipelines/pipeline_paleo_local_cv_scientific_reference.R,literal_target,persisted_internal,requires_owner_approval,assess_before_rename,#156
data_scientific_reference_assignments,R/Pipelines/pipeline_paleo_local_cv_scientific_reference.R,literal_target,persisted_internal,requires_owner_approval,assess_before_rename,#156
data_scientific_reference_assignments_initial,R/Pipelines/pipeline_paleo_local_cv_scientific_reference.R,literal_target,persisted_internal,requires_owner_approval,assess_before_rename,#156
data_scientific_reference_candidate,R/Pipelines/pipeline_paleo_local_cv_scientific_reference.R,literal_target,persisted_internal,requires_owner_approval,assess_before_rename,#156
data_scientific_reference_community_matrix,R/Pipelines/pipeline_paleo_local_cv_scientific_reference.R,literal_target,persisted_internal,requires_owner_approval,assess_before_rename,#156
data_scientific_reference_community_prepared,R/Pipelines/pipeline_paleo_local_cv_scientific_reference.R,literal_target,persisted_internal,requires_owner_approval,assess_before_rename,#156
data_scientific_reference_coords_projected,R/Pipelines/pipeline_paleo_local_cv_scientific_reference.R,literal_target,persisted_internal,requires_owner_approval,assess_before_rename,#156
data_scientific_reference_decomposition_comparisons,R/Pipelines/pipeline_paleo_local_cv_decomposition_reference.R,literal_target,persisted_internal,requires_owner_approval,assess_before_rename,#156
data_scientific_reference_decomposition_fold_effects,R/Pipelines/pipeline_paleo_local_cv_decomposition_reference.R,literal_target,persisted_internal,requires_owner_approval,assess_before_rename,#156
data_scientific_reference_decomposition_fold_metrics,R/Pipelines/pipeline_paleo_local_cv_decomposition_reference.R,literal_target,persisted_internal,requires_owner_approval,assess_before_rename,#156
data_scientific_reference_decomposition_loss_share_summary,R/Pipelines/pipeline_paleo_local_cv_decomposition_reference.R,literal_target,persisted_internal,requires_owner_approval,assess_before_rename,#156
data_scientific_reference_decomposition_repeat_effects,R/Pipelines/pipeline_paleo_local_cv_decomposition_reference.R,literal_target,persisted_internal,requires_owner_approval,assess_before_rename,#156
data_scientific_reference_decomposition_repeat_loss_shares,R/Pipelines/pipeline_paleo_local_cv_decomposition_reference.R,literal_target,persisted_internal,requires_owner_approval,assess_before_rename,#156
data_scientific_reference_decomposition_summary,R/Pipelines/pipeline_paleo_local_cv_decomposition_reference.R,literal_target,persisted_internal,requires_owner_approval,assess_before_rename,#156
data_scientific_reference_eligible_fold_metrics,R/Pipelines/pipeline_paleo_local_cv_scientific_reference.R,literal_target,persisted_internal,requires_owner_approval,assess_before_rename,#156
data_scientific_reference_fold_metrics,R/Pipelines/pipeline_paleo_local_cv_scientific_reference.R,literal_target,persisted_internal,requires_owner_approval,assess_before_rename,#156
data_scientific_reference_fold_resolution,R/Pipelines/pipeline_paleo_local_cv_scientific_reference.R,literal_target,persisted_internal,requires_owner_approval,assess_before_rename,#156
data_scientific_reference_full_data_anova_fractions,R/Pipelines/pipeline_paleo_local_cv_decomposition_reference.R,literal_target,persisted_internal,requires_owner_approval,assess_before_rename,#156
data_scientific_reference_full_fold_metrics,R/Pipelines/pipeline_paleo_local_cv_decomposition_reference.R,literal_target,persisted_internal,requires_owner_approval,assess_before_rename,#156
data_scientific_reference_grid_calibration,R/Pipelines/pipeline_paleo_local_cv_scientific_reference.R,literal_target,persisted_internal,requires_owner_approval,assess_before_rename,#156
data_scientific_reference_grid_candidates,R/Pipelines/pipeline_paleo_local_cv_scientific_reference.R,literal_target,persisted_internal,requires_owner_approval,assess_before_rename,#156
data_scientific_reference_locations,R/Pipelines/pipeline_paleo_local_cv_scientific_reference.R,literal_target,persisted_internal,requires_owner_approval,assess_before_rename,#156
data_scientific_reference_no_abiotic_fold_metrics,R/Pipelines/pipeline_paleo_local_cv_decomposition_reference.R,literal_target,persisted_internal,requires_owner_approval,assess_before_rename,#156
data_scientific_reference_no_associations_fold_metrics,R/Pipelines/pipeline_paleo_local_cv_decomposition_reference.R,literal_target,persisted_internal,requires_owner_approval,assess_before_rename,#156
data_scientific_reference_no_spatial_fold_metrics,R/Pipelines/pipeline_paleo_local_cv_decomposition_reference.R,literal_target,persisted_internal,requires_owner_approval,assess_before_rename,#156
data_scientific_reference_partition_diagnostics_initial,R/Pipelines/pipeline_paleo_local_cv_scientific_reference.R,literal_target,persisted_internal,requires_owner_approval,assess_before_rename,#156
data_scientific_reference_performance_criteria,R/Pipelines/pipeline_paleo_local_cv_scientific_reference.R,literal_target,persisted_internal,requires_owner_approval,assess_before_rename,#156
data_scientific_reference_performance_decision,R/Pipelines/pipeline_paleo_local_cv_scientific_reference.R,literal_target,persisted_internal,requires_owner_approval,assess_before_rename,#156
data_scientific_reference_sample_ids,R/Pipelines/pipeline_paleo_local_cv_scientific_reference.R,literal_target,persisted_internal,requires_owner_approval,assess_before_rename,#156
data_scientific_reference_taxon_eligibility,R/Pipelines/pipeline_paleo_local_cv_decomposition_reference.R,literal_target,persisted_internal,requires_owner_approval,assess_before_rename,#156
data_scientific_reference_taxon_eligibility,R/Pipelines/pipeline_paleo_local_cv_scientific_reference.R,literal_target,persisted_internal,requires_owner_approval,assess_before_rename,#156
data_sjsdm_abiotic_only_fold_metrics,R/Pipelines/pipeline_cz_paleo_cv_component_reference.R,literal_target,persisted_internal,requires_owner_approval,assess_before_rename,#156
data_sjsdm_abiotic_spatial_fold_metrics,R/Pipelines/pipeline_cz_paleo_cv_component_reference.R,literal_target,persisted_internal,requires_owner_approval,assess_before_rename,#156
data_sjsdm_intercept_only_fold_metrics,R/Pipelines/pipeline_cz_paleo_cv_component_reference.R,literal_target,persisted_internal,requires_owner_approval,assess_before_rename,#156
data_sjsdm_reference_taxon_eligibility,R/Pipelines/pipeline_cz_paleo_cv_regularization_reference.R,literal_target,persisted_internal,requires_owner_approval,assess_before_rename,#156
data_sjsdm_spatial_only_fold_metrics,R/Pipelines/pipeline_cz_paleo_cv_component_reference.R,literal_target,persisted_internal,requires_owner_approval,assess_before_rename,#156
data_sjsdm_structured_regularization_candidates,R/Pipelines/pipeline_cz_paleo_cv_regularization_reference.R,literal_target,persisted_internal,requires_owner_approval,assess_before_rename,#156
data_sjsdm_structured_search_design,R/Pipelines/pipeline_cz_paleo_cv_regularization_reference.R,literal_target,persisted_internal,requires_owner_approval,assess_before_rename,#156
data_sjsdm_structured_selected_eligible_fold_metrics,R/Pipelines/pipeline_cz_paleo_cv_regularization_reference.R,literal_target,persisted_internal,requires_owner_approval,assess_before_rename,#156
data_sjsdm_structured_selected_fold_metrics,R/Pipelines/pipeline_cz_paleo_cv_regularization_reference.R,literal_target,persisted_internal,requires_owner_approval,assess_before_rename,#156
data_sjsdm_structured_selected_regularization,R/Pipelines/pipeline_cz_paleo_cv_regularization_reference.R,literal_target,persisted_internal,requires_owner_approval,assess_before_rename,#156
data_sjsdm_structured_selection_diagnostic,R/Pipelines/pipeline_cz_paleo_cv_regularization_reference.R,literal_target,persisted_internal,requires_owner_approval,assess_before_rename,#156
data_sjsdm_structured_tuning_candidates,R/Pipelines/pipeline_cz_paleo_cv_regularization_reference.R,literal_target,persisted_internal,requires_owner_approval,assess_before_rename,#156
data_sjsdm_structured_tuning_response_surface,R/Pipelines/pipeline_cz_paleo_cv_regularization_reference.R,literal_target,persisted_internal,requires_owner_approval,assess_before_rename,#156
data_sjsdm_structured_tuning_summary,R/Pipelines/pipeline_cz_paleo_cv_regularization_reference.R,literal_target,persisted_internal,requires_owner_approval,assess_before_rename,#156
decomposition_model_formula,R/Pipelines/pipeline_paleo_local_cv_decomposition_reference.R,literal_target,persisted_internal,requires_owner_approval,assess_before_rename,#156
list_reference_eligible_metric_summaries,R/Pipelines/pipeline_cz_paleo_cv_regularization_reference.R,literal_target,persisted_internal,requires_owner_approval,assess_before_rename,#156
list_reference_metric_summaries,R/Pipelines/pipeline_cz_paleo_cv_regularization_reference.R,literal_target,persisted_internal,requires_owner_approval,assess_before_rename,#156
list_reference_repeat_distributions,R/Pipelines/pipeline_cz_paleo_cv_regularization_reference.R,literal_target,persisted_internal,requires_owner_approval,assess_before_rename,#156
list_scientific_reference_decomposition_effects,R/Pipelines/pipeline_paleo_local_cv_decomposition_reference.R,literal_target,persisted_internal,requires_owner_approval,assess_before_rename,#156
list_scientific_reference_decomposition_loss_shares,R/Pipelines/pipeline_paleo_local_cv_decomposition_reference.R,literal_target,persisted_internal,requires_owner_approval,assess_before_rename,#156
list_scientific_reference_eligible_metric_summaries,R/Pipelines/pipeline_paleo_local_cv_scientific_reference.R,literal_target,persisted_internal,requires_owner_approval,assess_before_rename,#156
list_scientific_reference_eligible_repeat_distributions,R/Pipelines/pipeline_paleo_local_cv_scientific_reference.R,literal_target,persisted_internal,requires_owner_approval,assess_before_rename,#156
list_scientific_reference_fold_predictions,R/Pipelines/pipeline_paleo_local_cv_scientific_reference.R,literal_target,persisted_internal,requires_owner_approval,assess_before_rename,#156
list_scientific_reference_metric_summaries,R/Pipelines/pipeline_paleo_local_cv_scientific_reference.R,literal_target,persisted_internal,requires_owner_approval,assess_before_rename,#156
list_scientific_reference_no_abiotic_fold_predictions,R/Pipelines/pipeline_paleo_local_cv_decomposition_reference.R,literal_target,persisted_internal,requires_owner_approval,assess_before_rename,#156
list_scientific_reference_no_associations_fold_predictions,R/Pipelines/pipeline_paleo_local_cv_decomposition_reference.R,literal_target,persisted_internal,requires_owner_approval,assess_before_rename,#156
list_scientific_reference_no_spatial_fold_predictions,R/Pipelines/pipeline_paleo_local_cv_decomposition_reference.R,literal_target,persisted_internal,requires_owner_approval,assess_before_rename,#156
list_scientific_reference_performance_assessment,R/Pipelines/pipeline_paleo_local_cv_scientific_reference.R,literal_target,persisted_internal,requires_owner_approval,assess_before_rename,#156
list_scientific_reference_performance_policy,R/Pipelines/pipeline_paleo_local_cv_scientific_reference.R,literal_target,persisted_internal,requires_owner_approval,assess_before_rename,#156
list_scientific_reference_repeat_distributions,R/Pipelines/pipeline_paleo_local_cv_scientific_reference.R,literal_target,persisted_internal,requires_owner_approval,assess_before_rename,#156
list_sjsdm_abiotic_only_fold_predictions,R/Pipelines/pipeline_cz_paleo_cv_component_reference.R,literal_target,persisted_internal,requires_owner_approval,assess_before_rename,#156
list_sjsdm_abiotic_only_metric_summaries,R/Pipelines/pipeline_cz_paleo_cv_component_reference.R,literal_target,persisted_internal,requires_owner_approval,assess_before_rename,#156
list_sjsdm_abiotic_only_repeat_distributions,R/Pipelines/pipeline_cz_paleo_cv_component_reference.R,literal_target,persisted_internal,requires_owner_approval,assess_before_rename,#156
list_sjsdm_abiotic_spatial_metric_summaries,R/Pipelines/pipeline_cz_paleo_cv_component_reference.R,literal_target,persisted_internal,requires_owner_approval,assess_before_rename,#156
list_sjsdm_abiotic_spatial_repeat_distributions,R/Pipelines/pipeline_cz_paleo_cv_component_reference.R,literal_target,persisted_internal,requires_owner_approval,assess_before_rename,#156
list_sjsdm_intercept_only_fold_predictions,R/Pipelines/pipeline_cz_paleo_cv_component_reference.R,literal_target,persisted_internal,requires_owner_approval,assess_before_rename,#156
list_sjsdm_intercept_only_metric_summaries,R/Pipelines/pipeline_cz_paleo_cv_component_reference.R,literal_target,persisted_internal,requires_owner_approval,assess_before_rename,#156
list_sjsdm_intercept_only_repeat_distributions,R/Pipelines/pipeline_cz_paleo_cv_component_reference.R,literal_target,persisted_internal,requires_owner_approval,assess_before_rename,#156
list_sjsdm_spatial_only_fold_predictions,R/Pipelines/pipeline_cz_paleo_cv_component_reference.R,literal_target,persisted_internal,requires_owner_approval,assess_before_rename,#156
list_sjsdm_spatial_only_metric_summaries,R/Pipelines/pipeline_cz_paleo_cv_component_reference.R,literal_target,persisted_internal,requires_owner_approval,assess_before_rename,#156
list_sjsdm_spatial_only_repeat_distributions,R/Pipelines/pipeline_cz_paleo_cv_component_reference.R,literal_target,persisted_internal,requires_owner_approval,assess_before_rename,#156
list_sjsdm_structured_eligible_selection_guardrails,R/Pipelines/pipeline_cz_paleo_cv_regularization_reference.R,literal_target,persisted_internal,requires_owner_approval,assess_before_rename,#156
list_sjsdm_structured_regularization_design,R/Pipelines/pipeline_cz_paleo_cv_regularization_reference.R,literal_target,persisted_internal,requires_owner_approval,assess_before_rename,#156
list_sjsdm_structured_selected_eligible_metric_summaries,R/Pipelines/pipeline_cz_paleo_cv_regularization_reference.R,literal_target,persisted_internal,requires_owner_approval,assess_before_rename,#156
list_sjsdm_structured_selected_fold_predictions,R/Pipelines/pipeline_cz_paleo_cv_regularization_reference.R,literal_target,persisted_internal,requires_owner_approval,assess_before_rename,#156
list_sjsdm_structured_selected_metric_summaries,R/Pipelines/pipeline_cz_paleo_cv_regularization_reference.R,literal_target,persisted_internal,requires_owner_approval,assess_before_rename,#156
list_sjsdm_structured_selected_repeat_distributions,R/Pipelines/pipeline_cz_paleo_cv_regularization_reference.R,literal_target,persisted_internal,requires_owner_approval,assess_before_rename,#156
list_sjsdm_structured_selection_guardrails,R/Pipelines/pipeline_cz_paleo_cv_regularization_reference.R,literal_target,persisted_internal,requires_owner_approval,assess_before_rename,#156
model_scientific_reference_full_data_anova,R/Pipelines/pipeline_paleo_local_cv_decomposition_reference.R,literal_target,persisted_internal,requires_owner_approval,assess_before_rename,#156
reference_model_formula,R/Pipelines/pipeline_cz_paleo_cv_component_reference.R,literal_target,persisted_internal,requires_owner_approval,assess_before_rename,#156
reference_model_formula,R/Pipelines/pipeline_cz_paleo_cv_regularization_reference.R,literal_target,persisted_internal,requires_owner_approval,assess_before_rename,#156
scientific_reference_model_formula,R/Pipelines/pipeline_paleo_local_cv_scientific_reference.R,literal_target,persisted_internal,requires_owner_approval,assess_before_rename,#156
vec_scientific_reference_eligible_taxa,R/Pipelines/pipeline_paleo_local_cv_scientific_reference.R,literal_target,persisted_internal,requires_owner_approval,assess_before_rename,#156
vec_sjsdm_eligible_taxa,R/Pipelines/pipeline_cz_paleo_cv_regularization_reference.R,literal_target,persisted_internal,requires_owner_approval,assess_before_rename,#156
config_age_lim,R/Pipelines/_pipes/pipe_segment_config_common.R,literal_target,persisted_internal,requires_owner_approval,assess_before_rename,#156
config_age_scale_mode,R/Pipelines/_pipes/pipe_segment_config_model.R,literal_target,persisted_internal,requires_owner_approval,assess_before_rename,#156
config_cross_validation,R/Pipelines/_pipes/pipe_segment_config_model.R,literal_target,public_or_frozen_cv_review,frozen_by_issue_141,assess_before_rename,#141
config_cross_validation_shared,R/Pipelines/_pipes/pipe_segment_model_cross_validation_shared.R,literal_target,public_or_frozen_cv_review,frozen_by_issue_141,assess_before_rename,#141
config_data_n_cores,R/Pipelines/_pipes/pipe_segment_config_common.R,literal_target,persisted_internal,requires_owner_approval,assess_before_rename,#156
config_data_processing,R/Pipelines/_pipes/pipe_segment_config_common.R,literal_target,persisted_internal,requires_owner_approval,assess_before_rename,#156
config_error_family,R/Pipelines/_pipes/pipe_segment_config_common.R,literal_target,persisted_internal,requires_owner_approval,assess_before_rename,#156
config_functional_type_clustering_method,R/Pipelines/_pipes/pipe_segment_traits_ft_clustering.R,literal_target,persisted_internal,requires_owner_approval,assess_before_rename,#156
config_functional_type_clustering_method_continental,R/Pipelines/_pipes/_helpers/make_pipe_segment_ft_classification_continental.R,literal_target,persisted_internal,requires_owner_approval,assess_before_rename,#156
config_functional_type_distance_metric_clustering,R/Pipelines/_pipes/pipe_segment_traits_ft_clustering.R,literal_target,persisted_internal,requires_owner_approval,assess_before_rename,#156
config_functional_type_distance_metric_continental,R/Pipelines/_pipes/_helpers/make_pipe_segment_ft_classification_continental.R,literal_target,persisted_internal,requires_owner_approval,assess_before_rename,#156
config_functional_type_group_count_max_clustering,R/Pipelines/_pipes/pipe_segment_traits_ft_clustering.R,literal_target,persisted_internal,requires_owner_approval,assess_before_rename,#156
config_functional_type_group_count_max_continental,R/Pipelines/_pipes/_helpers/make_pipe_segment_ft_classification_continental.R,literal_target,persisted_internal,requires_owner_approval,assess_before_rename,#156
config_functional_type_group_count_min_clustering,R/Pipelines/_pipes/pipe_segment_traits_ft_clustering.R,literal_target,persisted_internal,requires_owner_approval,assess_before_rename,#156
config_functional_type_group_count_min_continental,R/Pipelines/_pipes/_helpers/make_pipe_segment_ft_classification_continental.R,literal_target,persisted_internal,requires_owner_approval,assess_before_rename,#156
config_min_n_cores,R/Pipelines/_pipes/pipe_segment_config_common.R,literal_target,persisted_internal,requires_owner_approval,assess_before_rename,#156
config_min_n_samples,R/Pipelines/_pipes/pipe_segment_config_common.R,literal_target,persisted_internal,requires_owner_approval,assess_before_rename,#156
config_min_n_taxa,R/Pipelines/_pipes/pipe_segment_config_common.R,literal_target,persisted_internal,requires_owner_approval,assess_before_rename,#156
config_minimal_proportion_of_pollen,R/Pipelines/_pipes/pipe_segment_config_common.R,literal_target,persisted_internal,requires_owner_approval,assess_before_rename,#156
config_model_fitting,R/Pipelines/_pipes/pipe_segment_config_model.R,literal_target,persisted_internal,requires_owner_approval,assess_before_rename,#156
config_model_fitting,R/Pipelines/_pipes/pipe_segment_config_model_by_resolution.R,literal_target,persisted_internal,requires_owner_approval,assess_before_rename,#156
config_modern_spatial_resolutions,R/Pipelines/pipeline_modern_spatial_resolution.R,literal_target,persisted_internal,requires_owner_approval,assess_before_rename,#156
config_modern_spatial_resolutions,R/Pipelines/pipeline_modern_spatial_resolution_test.R,literal_target,persisted_internal,requires_owner_approval,assess_before_rename,#156
config_n_cores,R/Pipelines/_pipes/pipe_segment_config_model.R,literal_target,persisted_internal,requires_owner_approval,assess_before_rename,#156
config_n_early_stopping,R/Pipelines/_pipes/pipe_segment_config_model.R,literal_target,persisted_internal,requires_owner_approval,assess_before_rename,#156
config_n_iter,R/Pipelines/_pipes/pipe_segment_config_model.R,literal_target,persisted_internal,requires_owner_approval,assess_before_rename,#156
config_n_mev,R/Pipelines/_pipes/pipe_segment_config_model.R,literal_target,persisted_internal,requires_owner_approval,assess_before_rename,#156
config_n_samples_anova,R/Pipelines/_pipes/pipe_segment_config_model.R,literal_target,persisted_internal,requires_owner_approval,assess_before_rename,#156
config_n_sampling,R/Pipelines/_pipes/pipe_segment_config_model.R,literal_target,persisted_internal,requires_owner_approval,assess_before_rename,#156
config_n_step_size,R/Pipelines/_pipes/pipe_segment_config_model.R,literal_target,persisted_internal,requires_owner_approval,assess_before_rename,#156
config_number_of_taxa,R/Pipelines/_pipes/pipe_segment_config_common.R,literal_target,persisted_internal,requires_owner_approval,assess_before_rename,#156
config_sel_abiotic_var_name,R/Pipelines/_pipes/pipe_segment_config_common.R,literal_target,persisted_internal,requires_owner_approval,assess_before_rename,#156
config_sel_dataset_type,R/Pipelines/_pipes/pipe_segment_config_common.R,literal_target,persisted_internal,requires_owner_approval,assess_before_rename,#156
config_spatial_crs,R/Pipelines/_pipes/pipe_segment_config_model.R,literal_target,persisted_internal,requires_owner_approval,assess_before_rename,#156
config_spatial_mev,R/Pipelines/_pipes/pipe_segment_config_model.R,literal_target,persisted_internal,requires_owner_approval,assess_before_rename,#156
config_spatial_mode,R/Pipelines/_pipes/pipe_segment_config_model.R,literal_target,persisted_internal,requires_owner_approval,assess_before_rename,#156
config_spatial_predictors,R/Pipelines/_pipes/pipe_segment_model_spatial_shared.R,literal_target,persisted_internal,requires_owner_approval,assess_before_rename,#156
config_taxonomic_resolution,R/Pipelines/_pipes/pipe_segment_config_common.R,literal_target,persisted_internal,requires_owner_approval,assess_before_rename,#156
config_time_step,R/Pipelines/_pipes/pipe_segment_config_common.R,literal_target,persisted_internal,requires_owner_approval,assess_before_rename,#156
config_use_age_in_formula,R/Pipelines/_pipes/pipe_segment_config_model.R,literal_target,persisted_internal,requires_owner_approval,assess_before_rename,#156
config_use_spatial,R/Pipelines/_pipes/pipe_segment_config_model.R,literal_target,persisted_internal,requires_owner_approval,assess_before_rename,#156
config_vegvault_data,R/Pipelines/_pipes/pipe_segment_config_common.R,literal_target,persisted_internal,requires_owner_approval,assess_before_rename,#156
config_x_lim,R/Pipelines/_pipes/pipe_segment_config_common.R,literal_target,persisted_internal,requires_owner_approval,assess_before_rename,#156
config_y_lim,R/Pipelines/_pipes/pipe_segment_config_common.R,literal_target,persisted_internal,requires_owner_approval,assess_before_rename,#156
data_abiotic,R/Pipelines/_pipes/pipe_segment_abiotic_extract.R,literal_target,persisted_internal,requires_owner_approval,assess_before_rename,#156
data_abiotic_ages,R/Pipelines/_pipes/pipe_segment_abiotic_extract.R,literal_target,persisted_internal,requires_owner_approval,assess_before_rename,#156
data_abiotic_analysis,R/Pipelines/_pipes/pipe_segment_community_prepare_modern.R,literal_target,persisted_internal,requires_owner_approval,assess_before_rename,#156
data_abiotic_analysis,R/Pipelines/_pipes/pipe_segment_community_prepare_paleo.R,literal_target,persisted_internal,requires_owner_approval,assess_before_rename,#156
data_abiotic_interpolated,R/Pipelines/_pipes/pipe_segment_abiotic_extract.R,literal_target,persisted_internal,requires_owner_approval,assess_before_rename,#156
data_abiotic_scaled_list,R/Pipelines/_pipes/pipe_segment_model_prepare_response.R,literal_target,persisted_internal,requires_owner_approval,assess_before_rename,#156
data_abiotic_selected,R/Pipelines/_pipes/pipe_segment_abiotic_extract.R,literal_target,persisted_internal,requires_owner_approval,assess_before_rename,#156
data_abiotic_wide,R/Pipelines/_pipes/pipe_segment_model_input.R,literal_target,persisted_internal,requires_owner_approval,assess_before_rename,#156
data_age_uncertainty,R/Pipelines/_pipes/pipe_segment_community_prepare_paleo.R,literal_target,persisted_internal,requires_owner_approval,assess_before_rename,#156
data_age_uncertainty_shared,R/Pipelines/_pipes/pipe_segment_community_prepare_paleo.R,literal_target,persisted_internal,requires_owner_approval,assess_before_rename,#156
data_anova_components_by_age,R/Pipelines/_pipes/pipe_segment_model_summary_by_age.R,literal_target,persisted_internal,requires_owner_approval,assess_before_rename,#156
data_anova_components_by_age_percentage,R/Pipelines/_pipes/pipe_segment_model_summary_by_age.R,literal_target,persisted_internal,requires_owner_approval,assess_before_rename,#156
data_aux_classification_table,R/Pipelines/_pipes/pipe_segment_taxa_classification.R,literal_target,persisted_internal,requires_owner_approval,assess_before_rename,#156
data_aux_classification_table_traits,R/Pipelines/_pipes/pipe_segment_traits_classification.R,literal_target,persisted_internal,requires_owner_approval,assess_before_rename,#156
data_classification_table,R/Pipelines/_pipes/pipe_segment_taxa_classification.R,literal_target,persisted_internal,requires_owner_approval,assess_before_rename,#156
data_classification_table_for_functional_types,R/Pipelines/_pipes/_helpers/make_pipe_segment_ft_classification_continental.R,literal_target,persisted_internal,requires_owner_approval,assess_before_rename,#156
data_classification_table_traits,R/Pipelines/_pipes/pipe_segment_traits_classification.R,literal_target,persisted_internal,requires_owner_approval,assess_before_rename,#156
data_combined_classification_table,R/Pipelines/_pipes/pipe_segment_taxa_classification.R,literal_target,persisted_internal,requires_owner_approval,assess_before_rename,#156
data_combined_classification_table_traits,R/Pipelines/_pipes/pipe_segment_traits_classification.R,literal_target,persisted_internal,requires_owner_approval,assess_before_rename,#156
data_community,R/Pipelines/_pipes/pipe_segment_community_extract.R,literal_target,persisted_internal,requires_owner_approval,assess_before_rename,#156
data_community_analysis,R/Pipelines/_pipes/pipe_segment_community_prepare_modern.R,literal_target,persisted_internal,requires_owner_approval,assess_before_rename,#156
data_community_analysis,R/Pipelines/_pipes/pipe_segment_community_prepare_paleo.R,literal_target,persisted_internal,requires_owner_approval,assess_before_rename,#156
data_community_analysis_subset,R/Pipelines/_pipes/_helpers/make_community_filter_targets.R,literal_target,persisted_internal,requires_owner_approval,assess_before_rename,#156
data_community_by_resolution,R/Pipelines/_pipes/pipe_segment_community_by_resolution_modern.R,literal_target,persisted_internal,requires_owner_approval,assess_before_rename,#156
data_community_by_resolution,R/Pipelines/_pipes/pipe_segment_community_by_resolution_paleo.R,literal_target,persisted_internal,requires_owner_approval,assess_before_rename,#156
data_community_classified,R/Pipelines/_pipes/pipe_segment_community_prepare_modern.R,literal_target,persisted_internal,requires_owner_approval,assess_before_rename,#156
data_community_classified,R/Pipelines/_pipes/pipe_segment_community_prepare_paleo.R,literal_target,persisted_internal,requires_owner_approval,assess_before_rename,#156
data_community_classified_taxa_classification,R/Pipelines/_pipes/_helpers/make_pipe_segment_ft_classification_continental.R,literal_target,persisted_internal,requires_owner_approval,assess_before_rename,#156
data_community_filtered,R/Pipelines/_pipes/pipe_segment_model_prepare_response.R,literal_target,persisted_internal,requires_owner_approval,assess_before_rename,#156
data_community_filtered_cores,R/Pipelines/_pipes/_helpers/make_community_filter_targets.R,literal_target,persisted_internal,requires_owner_approval,assess_before_rename,#156
data_community_filtered_samples,R/Pipelines/_pipes/_helpers/make_community_filter_targets.R,literal_target,persisted_internal,requires_owner_approval,assess_before_rename,#156
data_community_interpolated,R/Pipelines/_pipes/pipe_segment_community_prepare_paleo.R,literal_target,persisted_internal,requires_owner_approval,assess_before_rename,#156
data_community_interpolated_dataset,R/Pipelines/_pipes/pipe_segment_community_prepare_paleo.R,literal_target,persisted_internal,requires_owner_approval,assess_before_rename,#156
data_community_long,R/Pipelines/_pipes/pipe_segment_community_extract.R,literal_target,persisted_internal,requires_owner_approval,assess_before_rename,#156
data_community_long_ages,R/Pipelines/_pipes/pipe_segment_community_extract.R,literal_target,persisted_internal,requires_owner_approval,assess_before_rename,#156
data_community_long_ages_deduplicated,R/Pipelines/_pipes/pipe_segment_community_prepare_modern.R,literal_target,persisted_internal,requires_owner_approval,assess_before_rename,#156
data_community_model_matrix,R/Pipelines/_pipes/pipe_segment_model_input.R,literal_target,persisted_internal,requires_owner_approval,assess_before_rename,#156
data_community_n_taxa_checked,R/Pipelines/_pipes/pipe_segment_model_prepare_response.R,literal_target,persisted_internal,requires_owner_approval,assess_before_rename,#156
data_community_plantae,R/Pipelines/_pipes/pipe_segment_community_prepare_modern.R,literal_target,persisted_internal,requires_owner_approval,assess_before_rename,#156
data_community_plantae,R/Pipelines/_pipes/pipe_segment_community_prepare_paleo.R,literal_target,persisted_internal,requires_owner_approval,assess_before_rename,#156
data_community_prepared,R/Pipelines/_pipes/pipe_segment_model_prepare_response.R,literal_target,persisted_internal,requires_owner_approval,assess_before_rename,#156
data_community_proportions,R/Pipelines/_pipes/pipe_segment_community_prepare_paleo.R,literal_target,persisted_internal,requires_owner_approval,assess_before_rename,#156
data_community_proportions_shared,R/Pipelines/_pipes/pipe_segment_community_prepare_paleo.R,literal_target,persisted_internal,requires_owner_approval,assess_before_rename,#156
data_community_rare_filtered,R/Pipelines/_pipes/_helpers/make_community_filter_targets.R,literal_target,persisted_internal,requires_owner_approval,assess_before_rename,#156
data_community_taxa_classification,R/Pipelines/_pipes/pipe_segment_taxa_classification.R,literal_target,persisted_internal,requires_owner_approval,assess_before_rename,#156
data_community_taxon_traits,R/Pipelines/_pipes/_helpers/make_pipe_segment_ft_classification_continental.R,literal_target,persisted_internal,requires_owner_approval,assess_before_rename,#156
data_continent_traits,R/Pipelines/_pipes/pipe_segment_traits_ft_clustering.R,literal_target,persisted_internal,requires_owner_approval,assess_before_rename,#156
data_continental_rows,R/Pipelines/_pipes/pipe_segment_traits_extract.R,literal_target,persisted_internal,requires_owner_approval,assess_before_rename,#156
data_coords,R/Pipelines/_pipes/pipe_segment_vegvault_extract.R,literal_target,persisted_internal,requires_owner_approval,assess_before_rename,#156
data_coords_analysis,R/Pipelines/_pipes/pipe_segment_community_prepare_modern.R,literal_target,persisted_internal,requires_owner_approval,assess_before_rename,#156
data_coords_analysis,R/Pipelines/_pipes/pipe_segment_community_prepare_paleo.R,literal_target,persisted_internal,requires_owner_approval,assess_before_rename,#156
data_coords_projected,R/Pipelines/_pipes/pipe_segment_model_spatial_shared.R,literal_target,persisted_internal,requires_owner_approval,assess_before_rename,#156
data_cross_validation_assignments,R/Pipelines/_pipes/pipe_segment_model_cross_validation.R,literal_target,public_or_frozen_cv_review,frozen_by_issue_141,assess_before_rename,#141
data_cross_validation_assignments,R/Pipelines/_pipes/pipe_segment_model_cross_validation_from_shared.R,literal_target,public_or_frozen_cv_review,frozen_by_issue_141,assess_before_rename,#141
data_cross_validation_assignments_initial,R/Pipelines/_pipes/pipe_segment_model_cross_validation.R,literal_target,public_or_frozen_cv_review,frozen_by_issue_141,assess_before_rename,#141
data_cross_validation_assignments_initial,R/Pipelines/_pipes/pipe_segment_model_cross_validation_from_shared.R,literal_target,public_or_frozen_cv_review,frozen_by_issue_141,assess_before_rename,#141
data_cross_validation_assignments_shared,R/Pipelines/_pipes/pipe_segment_model_cross_validation_shared.R,literal_target,public_or_frozen_cv_review,frozen_by_issue_141,assess_before_rename,#141
data_cross_validation_feasibility,R/Pipelines/_pipes/pipe_segment_model_cross_validation.R,literal_target,public_or_frozen_cv_review,frozen_by_issue_141,assess_before_rename,#141
data_cross_validation_feasibility,R/Pipelines/_pipes/pipe_segment_model_cross_validation_from_shared.R,literal_target,public_or_frozen_cv_review,frozen_by_issue_141,assess_before_rename,#141
data_cross_validation_fold_resolution,R/Pipelines/_pipes/pipe_segment_model_cross_validation.R,literal_target,public_or_frozen_cv_review,frozen_by_issue_141,assess_before_rename,#141
data_cross_validation_fold_resolution,R/Pipelines/_pipes/pipe_segment_model_cross_validation_from_shared.R,literal_target,public_or_frozen_cv_review,frozen_by_issue_141,assess_before_rename,#141
data_cross_validation_fold_resolution_shared,R/Pipelines/_pipes/pipe_segment_model_cross_validation_shared.R,literal_target,public_or_frozen_cv_review,frozen_by_issue_141,assess_before_rename,#141
data_cross_validation_grid_calibration,R/Pipelines/_pipes/pipe_segment_model_cross_validation.R,literal_target,public_or_frozen_cv_review,frozen_by_issue_141,assess_before_rename,#141
data_cross_validation_grid_calibration_shared,R/Pipelines/_pipes/pipe_segment_model_cross_validation_shared.R,literal_target,public_or_frozen_cv_review,frozen_by_issue_141,assess_before_rename,#141
data_cross_validation_grid_candidates,R/Pipelines/_pipes/pipe_segment_model_cross_validation.R,literal_target,public_or_frozen_cv_review,frozen_by_issue_141,assess_before_rename,#141
data_cross_validation_grid_candidates_shared,R/Pipelines/_pipes/pipe_segment_model_cross_validation_shared.R,literal_target,public_or_frozen_cv_review,frozen_by_issue_141,assess_before_rename,#141
data_cross_validation_locations,R/Pipelines/_pipes/pipe_segment_model_cross_validation.R,literal_target,public_or_frozen_cv_review,frozen_by_issue_141,assess_before_rename,#141
data_cross_validation_locations,R/Pipelines/_pipes/pipe_segment_model_cross_validation_from_shared.R,literal_target,public_or_frozen_cv_review,frozen_by_issue_141,assess_before_rename,#141
data_cross_validation_locations_shared,R/Pipelines/_pipes/pipe_segment_model_cross_validation_shared.R,literal_target,public_or_frozen_cv_review,frozen_by_issue_141,assess_before_rename,#141
data_cross_validation_partition_diagnostics,R/Pipelines/_pipes/pipe_segment_model_cross_validation.R,literal_target,public_or_frozen_cv_review,frozen_by_issue_141,assess_before_rename,#141
data_cross_validation_partition_diagnostics,R/Pipelines/_pipes/pipe_segment_model_cross_validation_from_shared.R,literal_target,public_or_frozen_cv_review,frozen_by_issue_141,assess_before_rename,#141
data_cross_validation_partition_diagnostics_initial,R/Pipelines/_pipes/pipe_segment_model_cross_validation.R,literal_target,public_or_frozen_cv_review,frozen_by_issue_141,assess_before_rename,#141
data_cross_validation_partition_diagnostics_initial,R/Pipelines/_pipes/pipe_segment_model_cross_validation_from_shared.R,literal_target,public_or_frozen_cv_review,frozen_by_issue_141,assess_before_rename,#141
data_cross_validation_sample_ids_shared,R/Pipelines/_pipes/pipe_segment_model_cross_validation_shared.R,literal_target,public_or_frozen_cv_review,frozen_by_issue_141,assess_before_rename,#141
data_functional_type_classification_continent,R/Pipelines/_pipes/pipe_segment_traits_ft_clustering.R,literal_target,persisted_internal,requires_owner_approval,assess_before_rename,#156
data_functional_type_classification_continental,R/Pipelines/_pipes/_helpers/make_pipe_segment_ft_classification_continental.R,literal_target,persisted_internal,requires_owner_approval,assess_before_rename,#156
data_functional_type_dissimilarity_continent,R/Pipelines/_pipes/pipe_segment_traits_ft_clustering.R,literal_target,persisted_internal,requires_owner_approval,assess_before_rename,#156
data_functional_type_dissimilarity_continental,R/Pipelines/_pipes/_helpers/make_pipe_segment_ft_classification_continental.R,literal_target,persisted_internal,requires_owner_approval,assess_before_rename,#156
data_functional_type_reference_validation_paleo,R/Pipelines/_pipes/_helpers/make_pipe_segment_ft_classification_continental.R,literal_target,persisted_internal,requires_owner_approval,assess_before_rename,#156
data_missing_taxa_template,R/Pipelines/_pipes/pipe_segment_taxa_classification.R,literal_target,persisted_internal,requires_owner_approval,assess_before_rename,#156
data_missing_trait_taxa_template,R/Pipelines/_pipes/pipe_segment_traits_classification.R,literal_target,persisted_internal,requires_owner_approval,assess_before_rename,#156
data_model_input,R/Pipelines/_pipes/pipe_segment_model_assemble.R,literal_target,persisted_internal,requires_owner_approval,assess_before_rename,#156
data_modern_colocated_aggregation_map,R/Pipelines/_pipes/pipe_segment_community_prepare_modern.R,literal_target,persisted_internal,requires_owner_approval,assess_before_rename,#156
data_modern_colocated_preprocessing,R/Pipelines/_pipes/pipe_segment_community_prepare_modern.R,literal_target,persisted_internal,requires_owner_approval,assess_before_rename,#156
data_modern_cross_database_colocations,R/Pipelines/_pipes/pipe_segment_community_prepare_modern.R,literal_target,persisted_internal,requires_owner_approval,assess_before_rename,#156
data_modern_deduplication,R/Pipelines/_pipes/pipe_segment_community_prepare_modern.R,literal_target,persisted_internal,requires_owner_approval,assess_before_rename,#156
data_modern_dropped_duplicate_records,R/Pipelines/_pipes/pipe_segment_community_prepare_modern.R,literal_target,persisted_internal,requires_owner_approval,assess_before_rename,#156
data_modern_quality_report,R/Pipelines/_pipes/pipe_segment_community_prepare_modern.R,literal_target,persisted_internal,requires_owner_approval,assess_before_rename,#156
data_network_metrics,R/Pipelines/_pipes/pipe_segment_network_metrics.R,literal_target,persisted_internal,requires_owner_approval,assess_before_rename,#156
data_network_metrics_by_age,R/Pipelines/_pipes/pipe_segment_network_summary_by_age.R,literal_target,persisted_internal,requires_owner_approval,assess_before_rename,#156
data_resolution_to_finest,R/Pipelines/_pipes/pipe_segment_traits_classification.R,literal_target,persisted_internal,requires_owner_approval,assess_before_rename,#156
data_sample_ages,R/Pipelines/_pipes/pipe_segment_community_extract.R,literal_target,persisted_internal,requires_owner_approval,assess_before_rename,#156
data_sample_ids,R/Pipelines/_pipes/pipe_segment_sample_alignment.R,literal_target,persisted_internal,requires_owner_approval,assess_before_rename,#156
data_sample_ids,R/Pipelines/_pipes/pipe_segment_sample_filter_age.R,literal_target,persisted_internal,requires_owner_approval,assess_before_rename,#156
data_sample_ids_checked,R/Pipelines/_pipes/pipe_segment_sample_alignment.R,literal_target,persisted_internal,requires_owner_approval,assess_before_rename,#156
data_sample_ids_checked,R/Pipelines/_pipes/pipe_segment_sample_filter_age.R,literal_target,persisted_internal,requires_owner_approval,assess_before_rename,#156
data_sjsdm_all_tuning_work_items,R/Pipelines/_pipes/pipe_segment_model_cross_validation.R,literal_target,persisted_internal,requires_owner_approval,assess_before_rename,#156
data_sjsdm_all_tuning_work_items,R/Pipelines/_pipes/pipe_segment_model_cross_validation_from_shared.R,literal_target,persisted_internal,requires_owner_approval,assess_before_rename,#156
data_sjsdm_common_candidate_aggregation,R/Pipelines/pipeline_sjsdm_common_regularization_sensitivity.R,literal_target,persisted_internal,requires_owner_approval,assess_before_rename,#156
data_sjsdm_common_model_index,R/Pipelines/pipeline_sjsdm_common_regularization_sensitivity.R,literal_target,persisted_internal,requires_owner_approval,assess_before_rename,#156
data_sjsdm_common_profile_context,R/Pipelines/pipeline_sjsdm_common_regularization_sensitivity.R,literal_target,persisted_internal,requires_owner_approval,assess_before_rename,#156
data_sjsdm_common_regularization_artifacts,R/Pipelines/pipeline_sjsdm_common_regularization_sensitivity.R,literal_target,persisted_internal,requires_owner_approval,assess_before_rename,#156
data_sjsdm_common_sensitivity_decomposition,R/Pipelines/pipeline_sjsdm_common_regularization_sensitivity.R,literal_target,persisted_internal,requires_owner_approval,assess_before_rename,#156
data_sjsdm_common_sensitivity_provenance,R/Pipelines/pipeline_sjsdm_common_regularization_sensitivity.R,literal_target,persisted_internal,requires_owner_approval,assess_before_rename,#156
data_sjsdm_common_tuning_summaries,R/Pipelines/pipeline_sjsdm_common_regularization_sensitivity.R,literal_target,persisted_internal,requires_owner_approval,assess_before_rename,#156
data_sjsdm_fold_local_metrics,R/Pipelines/_pipes/pipe_segment_model_cross_validation.R,literal_target,persisted_internal,requires_owner_approval,assess_before_rename,#156
data_sjsdm_fold_local_metrics,R/Pipelines/_pipes/pipe_segment_model_cross_validation_from_shared.R,literal_target,persisted_internal,requires_owner_approval,assess_before_rename,#156
data_sjsdm_model_context,R/Pipelines/_pipes/pipe_segment_model_cross_validation.R,literal_target,persisted_internal,requires_owner_approval,assess_before_rename,#156
data_sjsdm_model_context,R/Pipelines/_pipes/pipe_segment_model_cross_validation_from_shared.R,literal_target,persisted_internal,requires_owner_approval,assess_before_rename,#156
data_sjsdm_model_provenance,R/Pipelines/_pipes/pipe_segment_model_cross_validation.R,literal_target,public_or_frozen_cv_review,frozen_by_issue_141,assess_before_rename,#141
data_sjsdm_model_provenance,R/Pipelines/_pipes/pipe_segment_model_cross_validation_from_shared.R,literal_target,public_or_frozen_cv_review,frozen_by_issue_141,assess_before_rename,#141
data_sjsdm_out_of_fold_diagnostics,R/Pipelines/_pipes/pipe_segment_model_cross_validation.R,literal_target,public_or_frozen_cv_review,frozen_by_issue_141,assess_before_rename,#141
data_sjsdm_out_of_fold_diagnostics,R/Pipelines/_pipes/pipe_segment_model_cross_validation_from_shared.R,literal_target,public_or_frozen_cv_review,frozen_by_issue_141,assess_before_rename,#141
data_sjsdm_out_of_fold_predictions,R/Pipelines/_pipes/pipe_segment_model_cross_validation.R,literal_target,public_or_frozen_cv_review,frozen_by_issue_141,assess_before_rename,#141
data_sjsdm_out_of_fold_predictions,R/Pipelines/_pipes/pipe_segment_model_cross_validation_from_shared.R,literal_target,public_or_frozen_cv_review,frozen_by_issue_141,assess_before_rename,#141
data_sjsdm_regularization_candidates,R/Pipelines/_pipes/pipe_segment_model_cross_validation.R,literal_target,persisted_internal,requires_owner_approval,assess_before_rename,#156
data_sjsdm_regularization_candidates,R/Pipelines/_pipes/pipe_segment_model_cross_validation_from_shared.R,literal_target,persisted_internal,requires_owner_approval,assess_before_rename,#156
data_sjsdm_selected_regularization_unit,R/Pipelines/_pipes/pipe_segment_model_cross_validation.R,literal_target,persisted_internal,requires_owner_approval,assess_before_rename,#156
data_sjsdm_selected_regularization_unit,R/Pipelines/_pipes/pipe_segment_model_cross_validation_from_shared.R,literal_target,persisted_internal,requires_owner_approval,assess_before_rename,#156
data_sjsdm_tier_candidate_aggregation,R/Pipelines/pipeline_sjsdm_tier_tuning.R,literal_target,persisted_internal,requires_owner_approval,assess_before_rename,#156
data_sjsdm_tier_candidate_aggregation_round_1,R/Pipelines/pipeline_sjsdm_tier_tuning.R,literal_target,persisted_internal,requires_owner_approval,assess_before_rename,#156
data_sjsdm_tier_candidate_aggregation_round_2,R/Pipelines/pipeline_sjsdm_tier_tuning.R,literal_target,persisted_internal,requires_owner_approval,assess_before_rename,#156
data_sjsdm_tier_candidate_aggregation_round_3,R/Pipelines/pipeline_sjsdm_tier_tuning.R,literal_target,persisted_internal,requires_owner_approval,assess_before_rename,#156
data_sjsdm_tier_regularization_artifact,R/Pipelines/_pipes/pipe_segment_model_cross_validation.R,literal_target,persisted_internal,requires_owner_approval,assess_before_rename,#156
data_sjsdm_tier_regularization_artifact,R/Pipelines/_pipes/pipe_segment_model_cross_validation_from_shared.R,literal_target,persisted_internal,requires_owner_approval,assess_before_rename,#156
data_sjsdm_tier_regularization_artifacts,R/Pipelines/pipeline_sjsdm_tier_tuning.R,literal_target,persisted_internal,requires_owner_approval,assess_before_rename,#156
data_sjsdm_tier_selection_sensitivity,R/Pipelines/pipeline_sjsdm_tier_tuning.R,literal_target,persisted_internal,requires_owner_approval,assess_before_rename,#156
data_sjsdm_tier_source_candidate_loss,R/Pipelines/pipeline_sjsdm_tier_tuning.R,literal_target,persisted_internal,requires_owner_approval,assess_before_rename,#156
data_sjsdm_tier_survivor_decisions_round_1,R/Pipelines/pipeline_sjsdm_tier_tuning.R,literal_target,persisted_internal,requires_owner_approval,assess_before_rename,#156
data_sjsdm_tier_survivor_decisions_round_2,R/Pipelines/pipeline_sjsdm_tier_tuning.R,literal_target,persisted_internal,requires_owner_approval,assess_before_rename,#156
data_sjsdm_tier_survivor_decisions_round_3,R/Pipelines/pipeline_sjsdm_tier_tuning.R,literal_target,persisted_internal,requires_owner_approval,assess_before_rename,#156
data_sjsdm_tier_tuning_schedule,R/Pipelines/pipeline_sjsdm_tier_tuning.R,literal_target,persisted_internal,requires_owner_approval,assess_before_rename,#156
data_sjsdm_tier_tuning_summaries,R/Pipelines/pipeline_sjsdm_tier_tuning.R,literal_target,persisted_internal,requires_owner_approval,assess_before_rename,#156
data_sjsdm_tuning_branch_work_items,R/Pipelines/_pipes/pipe_segment_model_cross_validation.R,literal_target,public_or_frozen_cv_review,frozen_by_issue_141,assess_before_rename,#141
data_sjsdm_tuning_branch_work_items,R/Pipelines/_pipes/pipe_segment_model_cross_validation_from_shared.R,literal_target,public_or_frozen_cv_review,frozen_by_issue_141,assess_before_rename,#141
data_sjsdm_tuning_candidates,R/Pipelines/_pipes/pipe_segment_model_cross_validation.R,literal_target,public_or_frozen_cv_review,frozen_by_issue_141,assess_before_rename,#141
data_sjsdm_tuning_candidates,R/Pipelines/_pipes/pipe_segment_model_cross_validation_from_shared.R,literal_target,public_or_frozen_cv_review,frozen_by_issue_141,assess_before_rename,#141
data_sjsdm_tuning_execution_provenance,R/Pipelines/_pipes/pipe_segment_model_cross_validation.R,literal_target,public_or_frozen_cv_review,frozen_by_issue_141,assess_before_rename,#141
data_sjsdm_tuning_execution_provenance,R/Pipelines/_pipes/pipe_segment_model_cross_validation_from_shared.R,literal_target,public_or_frozen_cv_review,frozen_by_issue_141,assess_before_rename,#141
data_sjsdm_tuning_schedule,R/Pipelines/_pipes/pipe_segment_model_cross_validation.R,literal_target,public_or_frozen_cv_review,frozen_by_issue_141,assess_before_rename,#141
data_sjsdm_tuning_schedule,R/Pipelines/_pipes/pipe_segment_model_cross_validation_from_shared.R,literal_target,public_or_frozen_cv_review,frozen_by_issue_141,assess_before_rename,#141
data_sjsdm_tuning_stage_timings,R/Pipelines/_pipes/pipe_segment_model_cross_validation.R,literal_target,public_or_frozen_cv_review,frozen_by_issue_141,assess_before_rename,#141
data_sjsdm_tuning_stage_timings,R/Pipelines/_pipes/pipe_segment_model_cross_validation_from_shared.R,literal_target,public_or_frozen_cv_review,frozen_by_issue_141,assess_before_rename,#141
data_sjsdm_tuning_summary,R/Pipelines/_pipes/pipe_segment_model_cross_validation.R,literal_target,public_or_frozen_cv_review,frozen_by_issue_141,assess_before_rename,#141
data_sjsdm_tuning_summary,R/Pipelines/_pipes/pipe_segment_model_cross_validation_from_shared.R,literal_target,public_or_frozen_cv_review,frozen_by_issue_141,assess_before_rename,#141
data_sjsdm_tuning_work_items,R/Pipelines/_pipes/pipe_segment_model_cross_validation.R,literal_target,public_or_frozen_cv_review,frozen_by_issue_141,assess_before_rename,#141
data_sjsdm_tuning_work_items,R/Pipelines/_pipes/pipe_segment_model_cross_validation_from_shared.R,literal_target,public_or_frozen_cv_review,frozen_by_issue_141,assess_before_rename,#141
data_spatial_mev_core,R/Pipelines/_pipes/pipe_segment_model_spatial_shared.R,literal_target,persisted_internal,requires_owner_approval,assess_before_rename,#156
data_spatial_mev_provenance,R/Pipelines/_pipes/pipe_segment_model_spatial_shared.R,literal_target,persisted_internal,requires_owner_approval,assess_before_rename,#156
data_spatial_mev_samples,R/Pipelines/_pipes/pipe_segment_model_spatial_samples.R,literal_target,persisted_internal,requires_owner_approval,assess_before_rename,#156
data_spatial_scaled_list,R/Pipelines/_pipes/pipe_segment_model_spatial_samples.R,literal_target,persisted_internal,requires_owner_approval,assess_before_rename,#156
data_trait_corrections_classified_validated,R/Pipelines/_pipes/pipe_segment_traits_qc_classified.R,literal_target,persisted_internal,requires_owner_approval,assess_before_rename,#156
data_trait_corrections_validated,R/Pipelines/_pipes/pipe_segment_traits_qc.R,literal_target,persisted_internal,requires_owner_approval,assess_before_rename,#156
data_trait_table,R/Pipelines/_pipes/pipe_segment_traits_table.R,literal_target,persisted_internal,requires_owner_approval,assess_before_rename,#156
data_trait_taxa_classification,R/Pipelines/_pipes/pipe_segment_traits_classification.R,literal_target,persisted_internal,requires_owner_approval,assess_before_rename,#156
data_traits_aggregated,R/Pipelines/_pipes/pipe_segment_traits_table.R,literal_target,persisted_internal,requires_owner_approval,assess_before_rename,#156
data_traits_classified,R/Pipelines/_pipes/pipe_segment_traits_classification.R,literal_target,persisted_internal,requires_owner_approval,assess_before_rename,#156
data_traits_classified_corrected,R/Pipelines/_pipes/pipe_segment_traits_qc_classified.R,literal_target,persisted_internal,requires_owner_approval,assess_before_rename,#156
data_traits_continent,R/Pipelines/_pipes/pipe_segment_traits_extract.R,literal_target,persisted_internal,requires_owner_approval,assess_before_rename,#156
data_traits_corrected,R/Pipelines/_pipes/pipe_segment_traits_qc.R,literal_target,persisted_internal,requires_owner_approval,assess_before_rename,#156
data_traits_for_functional_type_classification,R/Pipelines/_pipes/_helpers/make_pipe_segment_ft_classification_continental.R,literal_target,persisted_internal,requires_owner_approval,assess_before_rename,#156
data_traits_raw,R/Pipelines/_pipes/pipe_segment_traits_extract.R,literal_target,persisted_internal,requires_owner_approval,assess_before_rename,#156
data_vegvault_extracted,R/Pipelines/_pipes/pipe_segment_vegvault_extract.R,literal_target,persisted_internal,requires_owner_approval,assess_before_rename,#156
file_aux_classification_table,R/Pipelines/_pipes/pipe_segment_taxa_classification.R,literal_target,persisted_internal,requires_owner_approval,assess_before_rename,#156
file_aux_classification_table_traits,R/Pipelines/_pipes/pipe_segment_traits_classification.R,literal_target,persisted_internal,requires_owner_approval,assess_before_rename,#156
file_functional_type_classification_modern,R/Pipelines/pipeline_modern_spatial_resolution.R,literal_target,persisted_internal,requires_owner_approval,assess_before_rename,#156
file_functional_type_classification_paleo,R/Pipelines/_pipes/pipe_segment_traits_ft_clustering.R,literal_target,persisted_internal,requires_owner_approval,assess_before_rename,#156
file_functional_type_classification_paleo,R/Pipelines/pipeline_paleo_spatial_resolution.R,literal_target,persisted_internal,requires_owner_approval,assess_before_rename,#156
file_missing_taxa_template,R/Pipelines/_pipes/pipe_segment_taxa_classification.R,literal_target,persisted_internal,requires_owner_approval,assess_before_rename,#156
file_missing_trait_taxa_template,R/Pipelines/_pipes/pipe_segment_traits_classification.R,literal_target,persisted_internal,requires_owner_approval,assess_before_rename,#156
file_spatial_grid,R/Pipelines/_pipes/pipe_segment_traits_extract.R,literal_target,persisted_internal,requires_owner_approval,assess_before_rename,#156
file_trait_corrections,R/Pipelines/_pipes/pipe_segment_traits_qc.R,literal_target,persisted_internal,requires_owner_approval,assess_before_rename,#156
file_trait_corrections_classified,R/Pipelines/_pipes/pipe_segment_traits_qc_classified.R,literal_target,persisted_internal,requires_owner_approval,assess_before_rename,#156
flag_available_core_count_validated,R/Pipelines/_pipes/pipe_segment_vegvault_extract.R,literal_target,persisted_internal,requires_owner_approval,assess_before_rename,#156
flag_taxa_classification_validated,R/Pipelines/_pipes/pipe_segment_taxa_classification.R,literal_target,persisted_internal,requires_owner_approval,assess_before_rename,#156
flag_trait_taxa_classification_validated,R/Pipelines/_pipes/pipe_segment_traits_classification.R,literal_target,persisted_internal,requires_owner_approval,assess_before_rename,#156
formula_jsdm_environment,R/Pipelines/_pipes/pipe_segment_model_fit.R,literal_target,persisted_internal,requires_owner_approval,assess_before_rename,#156
list_abiotic_collinearity,R/Pipelines/_pipes/pipe_segment_abiotic_extract.R,literal_target,persisted_internal,requires_owner_approval,assess_before_rename,#156
list_community_interpolation_index,R/Pipelines/_pipes/pipe_segment_community_prepare_paleo.R,literal_target,persisted_internal,requires_owner_approval,assess_before_rename,#156
list_jsdm_evaluation_fitted,R/Pipelines/_pipes/pipe_segment_model_fit.R,literal_target,persisted_internal,requires_owner_approval,assess_before_rename,#156
list_jsdm_variance_partition,R/Pipelines/_pipes/pipe_segment_model_anova.R,literal_target,persisted_internal,requires_owner_approval,assess_before_rename,#156
list_sjsdm_available_tier_decisions,R/Pipelines/_pipes/pipe_segment_model_cross_validation.R,literal_target,persisted_internal,requires_owner_approval,assess_before_rename,#156
list_sjsdm_available_tier_decisions,R/Pipelines/_pipes/pipe_segment_model_cross_validation_from_shared.R,literal_target,persisted_internal,requires_owner_approval,assess_before_rename,#156
list_sjsdm_common_regularization_artifacts,R/Pipelines/pipeline_sjsdm_common_regularization_sensitivity.R,literal_target,persisted_internal,requires_owner_approval,assess_before_rename,#156
list_sjsdm_common_sensitivity_anova,R/Pipelines/pipeline_sjsdm_common_regularization_sensitivity.R,literal_target,persisted_internal,requires_owner_approval,assess_before_rename,#156
list_sjsdm_common_sensitivity_models,R/Pipelines/pipeline_sjsdm_common_regularization_sensitivity.R,literal_target,persisted_internal,requires_owner_approval,assess_before_rename,#156
list_sjsdm_common_sensitivity_results,R/Pipelines/pipeline_sjsdm_common_regularization_sensitivity.R,literal_target,persisted_internal,requires_owner_approval,assess_before_rename,#156
list_sjsdm_fold_metric_summaries,R/Pipelines/_pipes/pipe_segment_model_cross_validation.R,literal_target,persisted_internal,requires_owner_approval,assess_before_rename,#156
list_sjsdm_fold_metric_summaries,R/Pipelines/_pipes/pipe_segment_model_cross_validation_from_shared.R,literal_target,persisted_internal,requires_owner_approval,assess_before_rename,#156
list_sjsdm_metric_repeat_distributions,R/Pipelines/_pipes/pipe_segment_model_cross_validation.R,literal_target,persisted_internal,requires_owner_approval,assess_before_rename,#156
list_sjsdm_metric_repeat_distributions,R/Pipelines/_pipes/pipe_segment_model_cross_validation_from_shared.R,literal_target,persisted_internal,requires_owner_approval,assess_before_rename,#156
list_sjsdm_prepared_tuning_folds,R/Pipelines/_pipes/pipe_segment_model_cross_validation.R,literal_target,persisted_internal,requires_owner_approval,assess_before_rename,#156
list_sjsdm_prepared_tuning_folds,R/Pipelines/_pipes/pipe_segment_model_cross_validation_from_shared.R,literal_target,persisted_internal,requires_owner_approval,assess_before_rename,#156
list_sjsdm_selected_fold_predictions,R/Pipelines/_pipes/pipe_segment_model_cross_validation.R,literal_target,persisted_internal,requires_owner_approval,assess_before_rename,#156
list_sjsdm_selected_fold_predictions,R/Pipelines/_pipes/pipe_segment_model_cross_validation_from_shared.R,literal_target,persisted_internal,requires_owner_approval,assess_before_rename,#156
list_sjsdm_tier_survivor_artifacts_round_1,R/Pipelines/pipeline_sjsdm_tier_tuning.R,literal_target,persisted_internal,requires_owner_approval,assess_before_rename,#156
list_sjsdm_tier_survivor_artifacts_round_2,R/Pipelines/pipeline_sjsdm_tier_tuning.R,literal_target,persisted_internal,requires_owner_approval,assess_before_rename,#156
list_sjsdm_tier_survivor_artifacts_round_3,R/Pipelines/pipeline_sjsdm_tier_tuning.R,literal_target,persisted_internal,requires_owner_approval,assess_before_rename,#156
list_sjsdm_tier_tuning_artifacts,R/Pipelines/pipeline_sjsdm_tier_tuning.R,literal_target,persisted_internal,requires_owner_approval,assess_before_rename,#156
list_sjsdm_tuning_execution,R/Pipelines/_pipes/pipe_segment_model_cross_validation.R,literal_target,public_or_frozen_cv_review,frozen_by_issue_141,assess_before_rename,#141
list_sjsdm_tuning_execution,R/Pipelines/_pipes/pipe_segment_model_cross_validation_from_shared.R,literal_target,public_or_frozen_cv_review,frozen_by_issue_141,assess_before_rename,#141
list_sjsdm_tuning_prediction_cache,R/Pipelines/_pipes/pipe_segment_model_cross_validation.R,literal_target,public_or_frozen_cv_review,frozen_by_issue_141,assess_before_rename,#141
list_sjsdm_tuning_prediction_cache,R/Pipelines/_pipes/pipe_segment_model_cross_validation_from_shared.R,literal_target,public_or_frozen_cv_review,frozen_by_issue_141,assess_before_rename,#141
list_sjsdm_tuning_work_item_result,R/Pipelines/_pipes/pipe_segment_model_cross_validation.R,literal_target,public_or_frozen_cv_review,frozen_by_issue_141,assess_before_rename,#141
list_sjsdm_tuning_work_item_result,R/Pipelines/_pipes/pipe_segment_model_cross_validation_from_shared.R,literal_target,public_or_frozen_cv_review,frozen_by_issue_141,assess_before_rename,#141
list_spatial_mev_core_basis,R/Pipelines/_pipes/pipe_segment_model_spatial_shared.R,literal_target,persisted_internal,requires_owner_approval,assess_before_rename,#156
list_trait_quality_control_report,R/Pipelines/_pipes/pipe_segment_traits_qc.R,literal_target,persisted_internal,requires_owner_approval,assess_before_rename,#156
list_trait_quality_control_report_classified,R/Pipelines/_pipes/pipe_segment_traits_qc_classified.R,literal_target,persisted_internal,requires_owner_approval,assess_before_rename,#156
mod_functional_type_hierarchical_clustering_continent,R/Pipelines/_pipes/pipe_segment_traits_ft_clustering.R,literal_target,persisted_internal,requires_owner_approval,assess_before_rename,#156
mod_functional_type_hierarchical_clustering_continental,R/Pipelines/_pipes/_helpers/make_pipe_segment_ft_classification_continental.R,literal_target,persisted_internal,requires_owner_approval,assess_before_rename,#156
mod_jsdm,R/Pipelines/_pipes/pipe_segment_model_fit.R,literal_target,persisted_internal,requires_owner_approval,assess_before_rename,#156
mod_jsdm_selected,R/Pipelines/_pipes/pipe_segment_model_fit.R,literal_target,persisted_internal,requires_owner_approval,assess_before_rename,#156
mod_jsdm_with_standard_errors,R/Pipelines/_pipes/pipe_segment_model_fit.R,literal_target,persisted_internal,requires_owner_approval,assess_before_rename,#156
model_evaluation_cross_validated,R/Pipelines/_pipes/pipe_segment_model_cross_validation.R,literal_target,persisted_internal,requires_owner_approval,assess_before_rename,#156
model_evaluation_cross_validated,R/Pipelines/_pipes/pipe_segment_model_cross_validation_from_shared.R,literal_target,persisted_internal,requires_owner_approval,assess_before_rename,#156
model_regularization_for_fit,R/Pipelines/_pipes/pipe_segment_model_cross_validation.R,literal_target,persisted_internal,requires_owner_approval,assess_before_rename,#156
model_regularization_for_fit,R/Pipelines/_pipes/pipe_segment_model_cross_validation_from_shared.R,literal_target,persisted_internal,requires_owner_approval,assess_before_rename,#156
n_functional_type_groups_selected_continent,R/Pipelines/_pipes/pipe_segment_traits_ft_clustering.R,literal_target,persisted_internal,requires_owner_approval,assess_before_rename,#156
n_functional_type_groups_selected_continental,R/Pipelines/_pipes/_helpers/make_pipe_segment_ft_classification_continental.R,literal_target,persisted_internal,requires_owner_approval,assess_before_rename,#156
output_target_name,R/Pipelines/_pipes/_helpers/make_pipe_segment_ft_classification_continental.R,literal_target,persisted_internal,requires_owner_approval,assess_before_rename,#156
path_traits_reference_store,R/Pipelines/_pipes/_helpers/make_pipe_segment_ft_classification_continental.R,literal_target,persisted_internal,requires_owner_approval,assess_before_rename,#156
sjsdm_common_artifact_created_at,R/Pipelines/pipeline_sjsdm_common_regularization_sensitivity.R,literal_target,persisted_internal,requires_owner_approval,assess_before_rename,#156
sjsdm_tier_artifact_created_at,R/Pipelines/pipeline_sjsdm_tier_tuning.R,literal_target,persisted_internal,requires_owner_approval,assess_before_rename,#156
vec_community_taxa,R/Pipelines/_pipes/pipe_segment_taxa_classification.R,literal_target,persisted_internal,requires_owner_approval,assess_before_rename,#156
vec_community_taxa_checked,R/Pipelines/_pipes/pipe_segment_taxa_classification.R,literal_target,persisted_internal,requires_owner_approval,assess_before_rename,#156
vec_sjsdm_unit_tuning_stores,R/Pipelines/pipeline_sjsdm_tier_tuning.R,literal_target,persisted_internal,requires_owner_approval,assess_before_rename,#156
vec_taxa_without_classification,R/Pipelines/_pipes/pipe_segment_taxa_classification.R,literal_target,persisted_internal,requires_owner_approval,assess_before_rename,#156
vec_trait_domain_names,R/Pipelines/_pipes/pipe_segment_traits_extract.R,literal_target,persisted_internal,requires_owner_approval,assess_before_rename,#156
vec_trait_taxa_without_classification,R/Pipelines/_pipes/pipe_segment_traits_classification.R,literal_target,persisted_internal,requires_owner_approval,assess_before_rename,#156
vec_unique_trait_taxa,R/Pipelines/_pipes/pipe_segment_traits_classification.R,literal_target,persisted_internal,requires_owner_approval,assess_before_rename,#156
data_sjsdm_all_tuning_work_items,R/Pipelines/_pipes/pipe_segment_model_cross_validation_execution.R,literal_target,persisted_internal,requires_owner_approval,assess_before_rename,#156
data_sjsdm_candidate_fold_metrics,R/Pipelines/_pipes/pipe_segment_model_cross_validation_execution.R,literal_target,persisted_internal,requires_owner_approval,assess_before_rename,#156
data_sjsdm_candidate_repeat_summary,R/Pipelines/_pipes/pipe_segment_model_cross_validation_execution.R,literal_target,persisted_internal,requires_owner_approval,assess_before_rename,#156
data_sjsdm_cv_model_provenance,R/Pipelines/_pipes/pipe_segment_model_cross_validation_execution.R,literal_target,persisted_internal,requires_owner_approval,assess_before_rename,#156
data_sjsdm_fold_local_metrics,R/Pipelines/_pipes/pipe_segment_model_cross_validation_execution.R,literal_target,persisted_internal,requires_owner_approval,assess_before_rename,#156
data_sjsdm_out_of_fold_diagnostics,R/Pipelines/_pipes/pipe_segment_model_cross_validation_execution.R,literal_target,public_or_frozen_cv_review,frozen_by_issue_141,assess_before_rename,#141
data_sjsdm_out_of_fold_predictions,R/Pipelines/_pipes/pipe_segment_model_cross_validation_execution.R,literal_target,public_or_frozen_cv_review,frozen_by_issue_141,assess_before_rename,#141
data_sjsdm_regularization_selection_for_fit,R/Pipelines/_pipes/pipe_segment_model_cross_validation_execution.R,literal_target,persisted_internal,requires_owner_approval,assess_before_rename,#156
data_sjsdm_tier_regularization_artifact,R/Pipelines/_pipes/pipe_segment_model_cross_validation_execution.R,literal_target,persisted_internal,requires_owner_approval,assess_before_rename,#156
data_sjsdm_tuning_branch_work_items,R/Pipelines/_pipes/pipe_segment_model_cross_validation_execution.R,literal_target,public_or_frozen_cv_review,frozen_by_issue_141,assess_before_rename,#141
data_sjsdm_tuning_execution_provenance,R/Pipelines/_pipes/pipe_segment_model_cross_validation_execution.R,literal_target,public_or_frozen_cv_review,frozen_by_issue_141,assess_before_rename,#141
data_sjsdm_tuning_schedule,R/Pipelines/_pipes/pipe_segment_model_cross_validation_execution.R,literal_target,public_or_frozen_cv_review,frozen_by_issue_141,assess_before_rename,#141
data_sjsdm_tuning_stage_timings,R/Pipelines/_pipes/pipe_segment_model_cross_validation_execution.R,literal_target,public_or_frozen_cv_review,frozen_by_issue_141,assess_before_rename,#141
data_sjsdm_tuning_work_items,R/Pipelines/_pipes/pipe_segment_model_cross_validation_execution.R,literal_target,public_or_frozen_cv_review,frozen_by_issue_141,assess_before_rename,#141
data_sjsdm_unit_regularization_selection,R/Pipelines/_pipes/pipe_segment_model_cross_validation_execution.R,literal_target,persisted_internal,requires_owner_approval,assess_before_rename,#156
list_cross_validation_design_artifact,R/Pipelines/_pipes/pipe_segment_model_cross_validation.R,literal_target,public_or_frozen_cv_review,frozen_by_issue_141,assess_before_rename,#141
list_cross_validation_design_artifact,R/Pipelines/_pipes/pipe_segment_model_cross_validation_from_shared.R,literal_target,public_or_frozen_cv_review,frozen_by_issue_141,assess_before_rename,#141
list_cross_validation_shared_design_artifact,R/Pipelines/_pipes/pipe_segment_model_cross_validation_shared.R,literal_target,public_or_frozen_cv_review,frozen_by_issue_141,assess_before_rename,#141
list_sjsdm_available_tier_decisions,R/Pipelines/_pipes/pipe_segment_model_cross_validation_execution.R,literal_target,persisted_internal,requires_owner_approval,assess_before_rename,#156
list_sjsdm_common_regularization_artifact,R/Pipelines/pipeline_sjsdm_common_regularization_sensitivity.R,literal_target,persisted_internal,requires_owner_approval,assess_before_rename,#156
list_sjsdm_cv_evaluation_artifact,R/Pipelines/_pipes/pipe_segment_model_cross_validation_execution.R,literal_target,persisted_internal,requires_owner_approval,assess_before_rename,#156
list_sjsdm_cv_prediction_artifact,R/Pipelines/_pipes/pipe_segment_model_cross_validation_execution.R,literal_target,persisted_internal,requires_owner_approval,assess_before_rename,#156
list_sjsdm_cv_tuning_artifact,R/Pipelines/_pipes/pipe_segment_model_cross_validation_execution.R,literal_target,persisted_internal,requires_owner_approval,assess_before_rename,#156
list_sjsdm_fold_metric_summaries,R/Pipelines/_pipes/pipe_segment_model_cross_validation_execution.R,literal_target,persisted_internal,requires_owner_approval,assess_before_rename,#156
list_sjsdm_metric_repeat_distributions,R/Pipelines/_pipes/pipe_segment_model_cross_validation_execution.R,literal_target,persisted_internal,requires_owner_approval,assess_before_rename,#156
list_sjsdm_pooled_cv_evaluation,R/Pipelines/_pipes/pipe_segment_model_cross_validation_execution.R,literal_target,persisted_internal,requires_owner_approval,assess_before_rename,#156
list_sjsdm_prepared_tuning_folds,R/Pipelines/_pipes/pipe_segment_model_cross_validation_execution.R,literal_target,persisted_internal,requires_owner_approval,assess_before_rename,#156
list_sjsdm_regularization_selection_artifact,R/Pipelines/_pipes/pipe_segment_model_cross_validation_execution.R,literal_target,persisted_internal,requires_owner_approval,assess_before_rename,#156
list_sjsdm_selected_fold_artifacts,R/Pipelines/_pipes/pipe_segment_model_cross_validation_execution.R,literal_target,persisted_internal,requires_owner_approval,assess_before_rename,#156
list_sjsdm_tier_tuning_artifact,R/Pipelines/pipeline_sjsdm_tier_tuning.R,literal_target,persisted_internal,requires_owner_approval,assess_before_rename,#156
list_sjsdm_tuning_execution,R/Pipelines/_pipes/pipe_segment_model_cross_validation_execution.R,literal_target,public_or_frozen_cv_review,frozen_by_issue_141,assess_before_rename,#141
list_sjsdm_tuning_prediction_cache,R/Pipelines/_pipes/pipe_segment_model_cross_validation_execution.R,literal_target,public_or_frozen_cv_review,frozen_by_issue_141,assess_before_rename,#141
list_sjsdm_tuning_work_item_result,R/Pipelines/_pipes/pipe_segment_model_cross_validation_execution.R,literal_target,public_or_frozen_cv_review,frozen_by_issue_141,assess_before_rename,#141
