surface_type,current_name,intended_name,owning_issue,contract_scope,migration_status,compatibility_strategy,rebuild_policy
target,check_n_cores,flag_available_core_count_validated,#156,persisted_internal,approved_breaking_migration,no_alias,clean_rebuild
target,check_taxa_classification,flag_taxa_classification_validated,#156,persisted_internal,approved_breaking_migration,no_alias,clean_rebuild
target,abiotic_collinearity,list_abiotic_collinearity,#156,persisted_internal,approved_breaking_migration,no_alias,clean_rebuild
target,model_formula,formula_jsdm_environment,#156,persisted_internal,approved_breaking_migration,no_alias,clean_rebuild
target,model_jsdm,mod_jsdm,#156,persisted_internal,approved_breaking_migration,no_alias,clean_rebuild
target,model_jsdm_standard_errors,mod_jsdm_with_standard_errors,#156,persisted_internal,approved_breaking_migration,no_alias,clean_rebuild
target,model_jsdm_selected,mod_jsdm_selected,#156,persisted_internal,approved_breaking_migration,no_alias,clean_rebuild
target,model_evaluation_fitted,list_jsdm_evaluation_fitted,#156,persisted_internal,approved_breaking_migration,no_alias,clean_rebuild
target,model_anova,list_jsdm_variance_partition,#156,persisted_internal,approved_breaking_migration,no_alias,clean_rebuild
target,ft_groups_max_continental,config_functional_type_group_count_max_continental,#156,persisted_internal,approved_breaking_migration,no_alias,clean_rebuild
target,ft_groups_min_continental,config_functional_type_group_count_min_continental,#156,persisted_internal,approved_breaking_migration,no_alias,clean_rebuild
target,metric_ft_continental,config_functional_type_distance_metric_continental,#156,persisted_internal,approved_breaking_migration,no_alias,clean_rebuild
target,method_ft_continental,config_functional_type_clustering_method_continental,#156,persisted_internal,approved_breaking_migration,no_alias,clean_rebuild
target,check_ft_reference_classification_paleo,data_functional_type_reference_validation_paleo,#156,persisted_internal,approved_breaking_migration,no_alias,clean_rebuild
target,data_traits_for_ft,data_traits_for_functional_type_classification,#156,persisted_internal,approved_breaking_migration,no_alias,clean_rebuild
target,data_classification_table_for_ft,data_classification_table_for_functional_types,#156,persisted_internal,approved_breaking_migration,no_alias,clean_rebuild
target,dist_ft_continental,data_functional_type_dissimilarity_continental,#156,persisted_internal,approved_breaking_migration,no_alias,clean_rebuild
target,hclust_ft_continental,mod_functional_type_hierarchical_clustering_continental,#156,persisted_internal,approved_breaking_migration,no_alias,clean_rebuild
target,ft_groups_chosen_continental,n_functional_type_groups_selected_continental,#156,persisted_internal,approved_breaking_migration,no_alias,clean_rebuild
target,ft_result_continental_unit,data_functional_type_classification_continental,#156,persisted_internal,approved_breaking_migration,no_alias,clean_rebuild
target,file_ft_classification_paleo,file_functional_type_classification_paleo,#156,persisted_internal,approved_breaking_migration,no_alias,clean_rebuild
target,file_ft_classification_modern,file_functional_type_classification_modern,#156,persisted_internal,approved_breaking_migration,no_alias,clean_rebuild
target,ft_groups_max_clustering,config_functional_type_group_count_max_clustering,#156,inactive_definition,approved_breaking_migration,no_alias,clean_rebuild
target,ft_groups_min_clustering,config_functional_type_group_count_min_clustering,#156,inactive_definition,approved_breaking_migration,no_alias,clean_rebuild
target,metric_ft_clustering,config_functional_type_distance_metric_clustering,#156,inactive_definition,approved_breaking_migration,no_alias,clean_rebuild
target,method_ft_clustering,config_functional_type_clustering_method,#156,inactive_definition,approved_breaking_migration,no_alias,clean_rebuild
target,dist_continent,data_functional_type_dissimilarity_continent,#156,inactive_definition,approved_breaking_migration,no_alias,clean_rebuild
target,hclust_continent,mod_functional_type_hierarchical_clustering_continent,#156,inactive_definition,approved_breaking_migration,no_alias,clean_rebuild
target,ft_groups_chosen_continent,n_functional_type_groups_selected_continent,#156,inactive_definition,approved_breaking_migration,no_alias,clean_rebuild
target,ft_result_continent,data_functional_type_classification_continent,#156,inactive_definition,approved_breaking_migration,no_alias,clean_rebuild
target,trait_qc_report,list_trait_quality_control_report,#156,frozen_non_cv,approved_breaking_migration,no_alias,clean_rebuild
target,trait_corrections_validated,data_trait_corrections_validated,#156,frozen_non_cv,approved_breaking_migration,no_alias,clean_rebuild
target,check_trait_taxa_classification,flag_trait_taxa_classification_validated,#156,frozen_non_cv,approved_breaking_migration,no_alias,clean_rebuild
target,trait_qc_report_classified,list_trait_quality_control_report_classified,#156,frozen_non_cv,approved_breaking_migration,no_alias,clean_rebuild
target,trait_corrections_classified_validated,data_trait_corrections_classified_validated,#156,frozen_non_cv,approved_breaking_migration,no_alias,clean_rebuild
result_field,model,vec_model_metrics,#156,evaluate_jsdm,approved_breaking_migration,no_alias,clean_rebuild
result_field,species,data_taxon_metrics,#156,evaluate_jsdm,approved_breaking_migration,no_alias,clean_rebuild
result_field,convergence,list_convergence_diagnostics,#156,evaluate_jsdm,approved_breaking_migration,no_alias,clean_rebuild
result_field,R2-McFadden,r2_mcfadden,#156,evaluate_jsdm,approved_breaking_migration,no_alias,clean_rebuild
result_field,R2-Nagelkerke,r2_nagelkerke,#156,evaluate_jsdm,approved_breaking_migration,no_alias,clean_rebuild
result_column,species,taxon_name,#156,evaluate_jsdm,approved_breaking_migration,no_alias,clean_rebuild
result_column,AUC,auc,#156,evaluate_jsdm,approved_breaking_migration,no_alias,clean_rebuild
result_column,Accuracy,accuracy,#156,evaluate_jsdm,approved_breaking_migration,no_alias,clean_rebuild
result_column,LogLoss,log_loss,#156,evaluate_jsdm,approved_breaking_migration,no_alias,clean_rebuild
result_column,RMSE,rmse,#156,evaluate_jsdm,approved_breaking_migration,no_alias,clean_rebuild
result_field,summary_by_domain,data_summary_by_domain,#156,trait_quality_control,approved_breaking_migration,no_alias,clean_rebuild
result_field,summary_by_domain_taxon,data_summary_by_domain_taxon,#156,trait_quality_control,approved_breaking_migration,no_alias,clean_rebuild
result_field,suspected_outlier_taxa_domain,vec_suspected_outlier_taxa_domain,#156,trait_quality_control,approved_breaking_migration,no_alias,clean_rebuild
result_field,suspected_outlier_taxa_taxon,vec_suspected_outlier_taxa_taxon,#156,trait_quality_control,approved_breaking_migration,no_alias,clean_rebuild
result_column,lwr_90,quantile_05,#156,trait_quality_control,approved_breaking_migration,no_alias,clean_rebuild
result_column,upr_90,quantile_95,#156,trait_quality_control,approved_breaking_migration,no_alias,clean_rebuild
result_column,IQR,iqr,#156,trait_quality_control,approved_breaking_migration,no_alias,clean_rebuild
result_column,n_suspected_outliers_taxon,n_suspected_outliers,#156,trait_quality_control,approved_breaking_migration,no_alias,clean_rebuild
artifact_stem,data_ft_classification_,data_functional_type_classification_,#156,functional_type_file,approved_breaking_migration,no_alias,clean_rebuild
artifact_stem,trait_qc_report_,trait_quality_control_report_,#156,trait_quality_control_file,approved_breaking_migration,no_alias,clean_rebuild
target,model_regularization_for_fit,model_regularization_for_fit,#141,public_or_frozen_cv,preserved,frozen_by_issue_141,clean_rebuild
target,model_evaluation_cross_validated,model_evaluation_cross_validated,#141,public_or_frozen_cv,preserved,frozen_by_issue_141,clean_rebuild
target,reference_model_formula,reference_model_formula,#141,public_or_frozen_cv,preserved,frozen_by_issue_141,clean_rebuild
target,scientific_reference_model_formula,scientific_reference_model_formula,#141,public_or_frozen_cv,preserved,frozen_by_issue_141,clean_rebuild
target,decomposition_model_formula,decomposition_model_formula,#141,public_or_frozen_cv,preserved,frozen_by_issue_141,clean_rebuild
