route_id,repeat_id,fold_id,variant,status,error_message,warning_text,converged,linear_trend_slope,median_diff,epochs_run,early_stopping_triggered,loss,brier,auc,auc_macro,n_train_samples,n_test_samples,n_taxa_raw,n_taxa_retained,n_taxa_dropped
pooled_spatial_age,1,fold_001,full,not_converged,NA,NA,FALSE,0.05,2.01,309,TRUE,3.5561245019568006,0.2606600550777982,0.7391275999217578,0.5697205084457054,164,41,16,16,0
pooled_spatial_age,1,fold_001,no_abiotic,ok,NA,NA,TRUE,0,0.03,256,TRUE,1.4742169589281147,0.10670710365953658,0.8933484849896143,0.5188341961069234,164,41,16,16,0
pooled_spatial_age,1,fold_001,no_spatial,not_converged,NA,NA,FALSE,0.01,0.13,469,TRUE,2.178179243880235,0.1602934114323294,0.8399808120418409,0.5839257915100513,164,41,16,16,0
pooled_spatial_age,1,fold_001,no_associations,not_converged,NA,NA,FALSE,0.4,5.02,177,TRUE,2.6867391534372125,0.1974653970593125,0.8007526150578899,0.5915813158108402,164,41,16,16,0
pooled_spatial_age,1,fold_002,full,not_converged,NA,NA,FALSE,0.02,0.35,325,TRUE,2.9314406171490557,0.21474365046368293,0.786373408829665,0.552240441355274,164,41,16,15,1
pooled_spatial_age,1,fold_002,no_abiotic,ok,NA,NA,TRUE,0,0,397,TRUE,1.3518241269181661,0.10616007671277197,0.9060677338328579,0.5200552637155508,164,41,16,15,1
pooled_spatial_age,1,fold_002,no_spatial,not_converged,NA,NA,FALSE,0.01,0.37,288,TRUE,1.6741463962213514,0.1244530343915332,0.8793477798118268,0.5743336380597146,164,41,16,15,1
pooled_spatial_age,1,fold_002,no_associations,not_converged,NA,NA,FALSE,0.01,0.98,500,FALSE,1.4764225103209443,0.11050658721284624,0.894950828047171,0.5853922597941736,164,41,16,15,1
pooled_spatial_age,1,fold_003,full,ok,NA,NA,TRUE,0,0.22,500,FALSE,2.4574698238123216,0.1803234118984228,0.8197617485715373,0.5263035186420363,164,41,16,16,0
pooled_spatial_age,1,fold_003,no_abiotic,ok,NA,NA,TRUE,0,0.02,256,TRUE,1.5864641851182464,0.11666586388555648,0.8901533517773784,0.5264420914218485,164,41,16,16,0
pooled_spatial_age,1,fold_003,no_spatial,not_converged,NA,NA,FALSE,0.05,1.24,392,TRUE,3.018498756067868,0.22061861199770177,0.7833585275187055,0.49135036578782787,164,41,16,16,0
pooled_spatial_age,1,fold_003,no_associations,not_converged,NA,NA,FALSE,0.09,3.4,491,TRUE,2.8295783624304653,0.21233729240355295,0.7946721428367702,0.5107971120504826,164,41,16,16,0
pooled_spatial_age,1,fold_004,full,not_converged,NA,NA,FALSE,0.01,0.62,500,FALSE,2.337829126989759,0.1724144494269083,0.8344608561656707,0.6100545900647115,164,41,16,16,0
pooled_spatial_age,1,fold_004,no_abiotic,ok,NA,NA,TRUE,0,0,336,TRUE,1.2688740666494218,0.09326788364356553,0.9097230052241891,0.5254617177694101,164,41,16,16,0
pooled_spatial_age,1,fold_004,no_spatial,not_converged,NA,NA,FALSE,0.02,0.21,305,TRUE,3.2013473901907448,0.23171819855167092,0.7701732626752359,0.5013186313763832,164,41,16,16,0
pooled_spatial_age,1,fold_004,no_associations,not_converged,NA,NA,FALSE,0.05,0.23,328,TRUE,1.842009117701362,0.1362046234970836,0.8659516292704927,0.5701519566606492,164,41,16,16,0
pooled_spatial_age,1,fold_005,full,ok,NA,NA,TRUE,0,0.05,423,TRUE,2.6732944161982988,0.19898547500870278,0.8038411100300351,0.5663222559375046,164,41,16,15,1
pooled_spatial_age,1,fold_005,no_abiotic,ok,NA,NA,TRUE,0,0,323,TRUE,1.5558714779298115,0.11423029357939612,0.8869400143830112,0.5253496503496503,164,41,16,15,1
pooled_spatial_age,1,fold_005,no_spatial,not_converged,NA,NA,FALSE,0.01,0.76,500,FALSE,2.4061230364981325,0.17951164696017488,0.8227611151063919,0.6225139631580865,164,41,16,15,1
pooled_spatial_age,1,fold_005,no_associations,not_converged,NA,NA,FALSE,0.01,0.29,428,TRUE,2.4552562267607696,0.17961608886260935,0.8207781632048733,0.5838634835850465,164,41,16,15,1
pooled_spatial_age,2,fold_001,full,not_converged,NA,NA,FALSE,0.02,0.6,374,TRUE,2.4514249187526005,0.17964652000534317,0.8199230645936849,0.5890525199408266,164,41,16,16,0
pooled_spatial_age,2,fold_001,no_abiotic,ok,NA,NA,TRUE,0,0.06,297,TRUE,1.4659906927900066,0.11031658873567264,0.8968867559846506,0.5294274761186526,164,41,16,16,0
pooled_spatial_age,2,fold_001,no_spatial,not_converged,NA,NA,FALSE,0.03,1.12,378,TRUE,2.469656915960488,0.18011348229436958,0.8205453362624101,0.5485487984356763,164,41,16,16,0
pooled_spatial_age,2,fold_001,no_associations,not_converged,NA,NA,FALSE,0.02,0.41,468,TRUE,2.1547511216311306,0.15793160350625915,0.8367479705458076,0.5788122448502896,164,41,16,16,0
pooled_spatial_age,2,fold_002,full,not_converged,NA,NA,FALSE,0.02,0.76,459,TRUE,2.2782872012931197,0.16737217988146297,0.8338339185244723,0.6312699002423765,164,41,16,15,1
pooled_spatial_age,2,fold_002,no_abiotic,ok,NA,NA,TRUE,0,0.01,269,TRUE,1.7833787587312893,0.1312925154608462,0.8697702948517281,0.5171971922076437,164,41,16,15,1
pooled_spatial_age,2,fold_002,no_spatial,not_converged,NA,NA,FALSE,0.01,0.5,364,TRUE,3.595955369544098,0.26068925089711664,0.7389694995558188,0.5020678030790094,164,41,16,15,1
pooled_spatial_age,2,fold_002,no_associations,not_converged,NA,NA,FALSE,0.01,0.09,500,FALSE,2.006608578639744,0.14758822113661302,0.854297982148145,0.6069600442254506,164,41,16,15,1
pooled_spatial_age,2,fold_003,full,not_converged,NA,NA,FALSE,0.01,0.38,378,TRUE,2.634970298152499,0.19255349915628292,0.807858276044421,0.5944898618138791,164,41,16,15,1
pooled_spatial_age,2,fold_003,no_abiotic,ok,NA,NA,TRUE,0,0.01,257,TRUE,1.4835925094518656,0.10755706787296651,0.892585933368588,0.5182894029047875,164,41,16,15,1
pooled_spatial_age,2,fold_003,no_spatial,ok,NA,NA,TRUE,0,0.39,394,TRUE,3.2173841984288147,0.23422694056487917,0.7657694341618192,0.5505493139096378,164,41,16,15,1
pooled_spatial_age,2,fold_003,no_associations,not_converged,NA,NA,FALSE,0.05,2.38,350,TRUE,2.907708824736798,0.21358912536656796,0.7885827604442094,0.5267249583528805,164,41,16,15,1
pooled_spatial_age,2,fold_004,full,not_converged,NA,NA,FALSE,0.02,0.72,284,TRUE,2.9186838770520187,0.21831300955502908,0.7868337087087087,0.6131188478324701,164,41,16,16,0
pooled_spatial_age,2,fold_004,no_abiotic,ok,NA,NA,TRUE,0,0.01,357,TRUE,1.3743313467811549,0.10052220917764218,0.9013044294294295,0.5317511740209109,164,41,16,16,0
pooled_spatial_age,2,fold_004,no_spatial,ok,NA,NA,TRUE,0,0.66,236,TRUE,2.6097569033527575,0.19401224284056418,0.8112378003003003,0.5425929209888188,164,41,16,16,0
pooled_spatial_age,2,fold_004,no_associations,not_converged,NA,NA,FALSE,0.01,2.45,477,TRUE,1.9488356831402542,0.1435905829513185,0.8543825075075075,0.6076673050986131,164,41,16,16,0
pooled_spatial_age,2,fold_005,full,not_converged,NA,NA,FALSE,0.02,0.33,196,TRUE,3.1142048164007656,0.2346901531413433,0.7666020174362778,0.5764539326749079,164,41,16,16,0
pooled_spatial_age,2,fold_005,no_abiotic,ok,NA,NA,TRUE,0,0.01,297,TRUE,1.2335369252301227,0.09320315257515903,0.9161556525294011,0.5190563725490196,164,41,16,16,0
pooled_spatial_age,2,fold_005,no_spatial,not_converged,NA,NA,FALSE,0.03,0.6,397,TRUE,2.1352694884445604,0.156916160951261,0.8485591778139053,0.5543533151989034,164,41,16,16,0
pooled_spatial_age,2,fold_005,no_associations,not_converged,NA,NA,FALSE,0.01,2.15,388,TRUE,1.7241307248891733,0.13360665836516336,0.8805557932365496,0.5597592637066321,164,41,16,16,0
pooled_spatial_age,3,fold_001,full,not_converged,NA,NA,FALSE,0.02,1.14,446,TRUE,3.7598054128272724,0.27345848275658274,0.7251578436134045,0.5458606450249588,164,41,16,14,2
pooled_spatial_age,3,fold_001,no_abiotic,ok,NA,NA,TRUE,0,0.02,432,TRUE,1.9274437701272298,0.13989056746097478,0.8596102476930548,0.5201719576719577,164,41,16,14,2
pooled_spatial_age,3,fold_001,no_spatial,not_converged,NA,NA,FALSE,0.01,0.12,451,TRUE,4.826108728369202,0.3524788501526137,0.6458474987858184,0.5273314808844142,164,41,16,14,2
pooled_spatial_age,3,fold_001,no_associations,not_converged,NA,NA,FALSE,0.04,0.74,240,TRUE,2.799954153992923,0.20482064734869243,0.7952646915978631,0.5291432712299647,164,41,16,14,2
pooled_spatial_age,3,fold_002,full,ok,NA,NA,TRUE,0,0.26,500,FALSE,2.4570542498166055,0.18187693315433232,0.8181788404847691,0.5377611206987637,164,41,16,16,0
pooled_spatial_age,3,fold_002,no_abiotic,ok,NA,NA,TRUE,0,0.01,403,TRUE,1.0557207010579068,0.07701475057172943,0.923962378924711,0.5251010026825245,164,41,16,16,0
pooled_spatial_age,3,fold_002,no_spatial,ok,NA,NA,TRUE,0,0.2,396,TRUE,2.3559057932789043,0.17551207638122412,0.8291001824902906,0.5697772502620901,164,41,16,16,0
pooled_spatial_age,3,fold_002,no_associations,not_converged,NA,NA,FALSE,0.01,0.51,475,TRUE,2.086900466953165,0.15157221498166157,0.8469889102054186,0.6093883025161629,164,41,16,16,0
pooled_spatial_age,3,fold_003,full,not_converged,NA,NA,FALSE,0.04,0.17,253,TRUE,3.4508079426119735,0.2540721999128241,0.7499166531724184,0.546969458411106,164,41,16,16,0
pooled_spatial_age,3,fold_003,no_abiotic,ok,NA,NA,TRUE,0,0.04,297,TRUE,1.4041554304732071,0.10537350713365261,0.9041606736328739,0.5235650018258714,164,41,16,16,0
pooled_spatial_age,3,fold_003,no_spatial,not_converged,NA,NA,FALSE,0.01,0.69,283,TRUE,3.4465002162255014,0.25363439884131167,0.757027328234095,0.5393307517824207,164,41,16,16,0
pooled_spatial_age,3,fold_003,no_associations,not_converged,NA,NA,FALSE,0.03,0.42,466,TRUE,1.711673631687847,0.12544217918991055,0.8763037825171694,0.5750482250067983,164,41,16,16,0
pooled_spatial_age,3,fold_004,full,not_converged,NA,NA,FALSE,0.01,1.02,500,FALSE,2.1186985732609904,0.15537913001823195,0.8456701990397022,0.5387844208803068,164,41,16,15,1
pooled_spatial_age,3,fold_004,no_abiotic,ok,NA,NA,TRUE,0,0.02,315,TRUE,1.3502709235893573,0.09818664127520209,0.9018127207733148,0.5262944408532644,164,41,16,15,1
pooled_spatial_age,3,fold_004,no_spatial,ok,NA,NA,TRUE,0,0.73,386,TRUE,2.3929967088124706,0.17611054270486765,0.8261734035577554,0.535692592966944,164,41,16,15,1
pooled_spatial_age,3,fold_004,no_associations,not_converged,NA,NA,FALSE,0.08,3.24,500,FALSE,1.6749761574344915,0.1248087661677052,0.8786725046005457,0.5719509749772907,164,41,16,15,1
pooled_spatial_age,3,fold_005,full,ok,NA,NA,TRUE,0,0.29,330,TRUE,3.1701141769480756,0.23259226986076612,0.7666216482372471,0.5763041170065164,164,41,16,16,0
pooled_spatial_age,3,fold_005,no_abiotic,ok,NA,NA,TRUE,0,0.01,218,TRUE,1.6487746207731695,0.12067834643698254,0.8813717490597713,0.5167915417915417,164,41,16,16,0
pooled_spatial_age,3,fold_005,no_spatial,not_converged,NA,NA,FALSE,0.01,0.83,330,TRUE,3.1172168837955043,0.2315917310820127,0.7717518734231826,0.516143941743787,164,41,16,16,0
pooled_spatial_age,3,fold_005,no_associations,ok,NA,NA,TRUE,0,0.5,383,TRUE,2.4914828609610744,0.18219442165715857,0.8138863097080368,0.5554658084456846,164,41,16,16,0
pooled_spatial_age,4,fold_001,full,not_converged,NA,NA,FALSE,0.03,0.63,256,TRUE,3.173587886908348,0.233803011238977,0.7730942466219087,0.5773771430214929,164,41,16,16,0
pooled_spatial_age,4,fold_001,no_abiotic,ok,NA,NA,TRUE,0,0.01,423,TRUE,1.4187008800948675,0.10505763743101813,0.8995354239256679,0.5196553446553447,164,41,16,16,0
pooled_spatial_age,4,fold_001,no_spatial,ok,NA,NA,TRUE,0,0.01,500,FALSE,1.969944705932537,0.14575705732137578,0.8541495519484812,0.5538821517052941,164,41,16,16,0
pooled_spatial_age,4,fold_001,no_associations,not_converged,NA,NA,FALSE,0.08,1.77,402,TRUE,1.7083274139221634,0.1241216408238437,0.8798051046712557,0.552848472691739,164,41,16,16,0
pooled_spatial_age,4,fold_002,full,ok,NA,NA,TRUE,0,0.01,321,TRUE,2.8049694637606337,0.21053493575037618,0.7907724719101124,0.5246434589884877,164,41,16,16,0
pooled_spatial_age,4,fold_002,no_abiotic,ok,NA,NA,TRUE,0,0,327,TRUE,1.3581357300268282,0.10123937663957391,0.9015449438202248,0.5341272053228575,164,41,16,16,0
pooled_spatial_age,4,fold_002,no_spatial,not_converged,NA,NA,FALSE,0.03,0.97,346,TRUE,3.1272528056592535,0.22959961295139855,0.7754026217228465,0.5103260059142413,164,41,16,16,0
pooled_spatial_age,4,fold_002,no_associations,not_converged,NA,NA,FALSE,0.19,2.45,201,TRUE,2.771620880255264,0.2102853882733934,0.7926919475655431,0.5545200341435955,164,41,16,16,0
pooled_spatial_age,4,fold_003,full,not_converged,NA,NA,FALSE,0.01,0.58,500,FALSE,2.817275835151772,0.20783804660559668,0.7921188350320093,0.5405589408863998,164,41,16,16,0
pooled_spatial_age,4,fold_003,no_abiotic,ok,NA,NA,TRUE,0,0.03,374,TRUE,1.4374311086112328,0.10553983811638555,0.8989798515976354,0.5230094466936572,164,41,16,16,0
pooled_spatial_age,4,fold_003,no_spatial,not_converged,NA,NA,FALSE,0.01,0.24,306,TRUE,3.4396599686823253,0.2552227876959208,0.745754881532674,0.5293971239553521,164,41,16,16,0
pooled_spatial_age,4,fold_003,no_associations,not_converged,NA,NA,FALSE,0.13,2.45,254,TRUE,3.039725876907384,0.22206959581481264,0.7756333499901003,0.5277627515600842,164,41,16,16,0
pooled_spatial_age,4,fold_004,full,ok,NA,NA,TRUE,0,0.3,500,FALSE,2.242582434498995,0.16333283576781926,0.8361411953469715,0.5862607862124116,164,41,16,14,2
pooled_spatial_age,4,fold_004,no_abiotic,ok,NA,NA,TRUE,0,0.01,421,TRUE,1.496858569733155,0.10968537155223047,0.8899099296211209,0.5292929292929293,164,41,16,14,2
pooled_spatial_age,4,fold_004,no_spatial,not_converged,NA,NA,FALSE,0.02,1.38,500,FALSE,2.6499585660192624,0.19227509562723788,0.8063304525398388,0.5992576051399581,164,41,16,14,2
pooled_spatial_age,4,fold_004,no_associations,not_converged,NA,NA,FALSE,0.03,1.21,309,TRUE,2.397033399096985,0.17604984655069558,0.8241986653539,0.6216453126766595,164,41,16,14,2
pooled_spatial_age,4,fold_005,full,not_converged,NA,NA,FALSE,0.01,0.7,413,TRUE,3.0390125284798426,0.22734013545557338,0.7760263278452492,0.5532238625988626,164,41,16,16,0
pooled_spatial_age,4,fold_005,no_abiotic,ok,NA,NA,TRUE,0,0.01,390,TRUE,1.5168486303380666,0.1097980568788643,0.8902196168625361,0.5140796703296703,164,41,16,16,0
pooled_spatial_age,4,fold_005,no_spatial,not_converged,NA,NA,FALSE,0.01,0.33,444,TRUE,3.290965983456214,0.23937314084916206,0.754971531147449,0.4960422647922648,164,41,16,16,0
pooled_spatial_age,4,fold_005,no_associations,not_converged,NA,NA,FALSE,0.06,0.94,289,TRUE,2.873413263536731,0.21077403422676416,0.7916584859619107,0.5483940327690328,164,41,16,16,0
pooled_spatial_age,5,fold_001,full,not_converged,NA,NA,FALSE,0.01,0.85,465,TRUE,3.355340935332034,0.24556116453924987,0.7547319856735264,0.5519567790368874,164,41,16,14,2
pooled_spatial_age,5,fold_001,no_abiotic,ok,NA,NA,TRUE,0,0.02,350,TRUE,1.4947735901018242,0.10869800420644857,0.8907667091604443,0.5163975279106858,164,41,16,14,2
pooled_spatial_age,5,fold_001,no_spatial,not_converged,NA,NA,FALSE,0.02,0.78,350,TRUE,3.0432420746675266,0.22349547229295091,0.7776300613124507,0.5161233183195257,164,41,16,14,2
pooled_spatial_age,5,fold_001,no_associations,not_converged,NA,NA,FALSE,0.17,0.97,164,TRUE,2.8878901000425263,0.21563783851888801,0.788235294117647,0.5445657675437088,164,41,16,14,2
pooled_spatial_age,5,fold_002,full,not_converged,NA,NA,FALSE,0.02,1.11,331,TRUE,3.027003269272789,0.2230458400189488,0.7797318515593414,0.576599599458881,164,41,16,16,0
pooled_spatial_age,5,fold_002,no_abiotic,ok,NA,NA,TRUE,0,0.01,297,TRUE,1.4787962914262605,0.10816973406727214,0.8938359706277795,0.5362981388093832,164,41,16,16,0
pooled_spatial_age,5,fold_002,no_spatial,not_converged,NA,NA,FALSE,0.03,0.05,442,TRUE,2.6198001938138433,0.19192451642478137,0.8079993230474148,0.5790188131485138,164,41,16,16,0
pooled_spatial_age,5,fold_002,no_associations,not_converged,NA,NA,FALSE,0.01,0.21,487,TRUE,2.1847639688332556,0.16199009858683458,0.8363467125490085,0.5548580899628154,164,41,16,16,0
pooled_spatial_age,5,fold_003,full,not_converged,NA,NA,FALSE,0.01,0.11,472,TRUE,4.218608455116512,0.307405699870156,0.6941385767790262,0.5236842475579532,164,41,16,16,0
pooled_spatial_age,5,fold_003,no_abiotic,ok,NA,NA,TRUE,0,0.01,397,TRUE,1.626013548484261,0.11883169507814838,0.8835720973782771,0.5222473604826546,164,41,16,16,0
pooled_spatial_age,5,fold_003,no_spatial,not_converged,NA,NA,FALSE,0.01,0.15,361,TRUE,4.135839852793189,0.3017341067425078,0.6973220973782771,0.5408806307056917,164,41,16,16,0
pooled_spatial_age,5,fold_003,no_associations,not_converged,NA,NA,FALSE,0.02,0.44,249,TRUE,4.042995746476269,0.29845711042148276,0.7060533707865169,0.5324437748889692,164,41,16,16,0
pooled_spatial_age,5,fold_004,full,not_converged,NA,NA,FALSE,0.04,1.08,261,TRUE,2.6352282841674355,0.19540451256963623,0.8063693063693064,0.5008867436117547,164,41,16,16,0
pooled_spatial_age,5,fold_004,no_abiotic,ok,NA,NA,TRUE,0,0.01,500,FALSE,1.2772222100454818,0.09658587540399356,0.9087979587979588,0.5254488493962178,164,41,16,16,0
pooled_spatial_age,5,fold_004,no_spatial,not_converged,NA,NA,FALSE,0.01,1,469,TRUE,3.2391715581745606,0.23817745256536355,0.7613305613305613,0.5746482862601283,164,41,16,16,0
pooled_spatial_age,5,fold_004,no_associations,not_converged,NA,NA,FALSE,0.02,0.96,500,FALSE,2.058957805396832,0.15237995239096772,0.8471602721602721,0.5249965524027056,164,41,16,16,0
pooled_spatial_age,5,fold_005,full,not_converged,NA,NA,FALSE,0.01,0.01,336,TRUE,2.5771786959459395,0.1887974066191774,0.8096311016569637,0.5534127201198172,164,41,16,16,0
pooled_spatial_age,5,fold_005,no_abiotic,ok,NA,NA,TRUE,0,0.04,288,TRUE,1.3735785419803725,0.10045369802071687,0.9010719883564711,0.5140615131994443,164,41,16,16,0
pooled_spatial_age,5,fold_005,no_spatial,not_converged,NA,NA,FALSE,0.01,0.16,293,TRUE,3.5905383648784346,0.26278106335834883,0.7385057471264368,0.5119047490861183,164,41,16,16,0
pooled_spatial_age,5,fold_005,no_associations,not_converged,NA,NA,FALSE,0.13,1.99,228,TRUE,3.573424071038409,0.26022978607696856,0.7416918569935811,0.5599090752816738,164,41,16,16,0
pooled_spatiotemporal_age,1,fold_001,full,not_converged,NA,NA,FALSE,0.01,0.48,409,TRUE,2.5808840138968097,0.18931662783619907,0.8103652232230181,0.5505008052116129,164,41,16,16,0
pooled_spatiotemporal_age,1,fold_001,no_abiotic,ok,NA,NA,TRUE,0,0.03,256,TRUE,1.453156730943414,0.10518271646441463,0.8948062109371362,0.5246537553355736,164,41,16,16,0
pooled_spatiotemporal_age,1,fold_001,no_spatial,not_converged,NA,NA,FALSE,0.01,0.13,469,TRUE,2.178179243880235,0.1602934114323294,0.8399808120418409,0.5839257915100513,164,41,16,16,0
pooled_spatiotemporal_age,1,fold_001,no_associations,not_converged,NA,NA,FALSE,0.06,0.88,464,TRUE,2.919304572647189,0.2151468708372651,0.7833390773013906,0.6062733609164442,164,41,16,16,0
pooled_spatiotemporal_age,1,fold_002,full,ok,NA,NA,TRUE,0,0.85,464,TRUE,3.187969335932023,0.23611736220849414,0.7668163821363191,0.5231903136358877,164,41,16,15,1
pooled_spatiotemporal_age,1,fold_002,no_abiotic,ok,NA,NA,TRUE,0,0.02,216,TRUE,1.3183784158398735,0.09935986831720467,0.9075258631699945,0.5467709842709843,164,41,16,15,1
pooled_spatiotemporal_age,1,fold_002,no_spatial,not_converged,NA,NA,FALSE,0.01,0.37,288,TRUE,1.6741463962213514,0.1244530343915332,0.8793477798118268,0.5743336380597146,164,41,16,15,1
pooled_spatiotemporal_age,1,fold_002,no_associations,not_converged,NA,NA,FALSE,0.06,0.7,376,TRUE,1.6763930981645432,0.1253864040583178,0.8818915236919409,0.575016590581782,164,41,16,15,1
pooled_spatiotemporal_age,1,fold_003,full,not_converged,NA,NA,FALSE,0.04,0.03,255,TRUE,2.5664375436207245,0.19091179427185864,0.8167574608064041,0.5699463021368583,164,41,16,16,0
pooled_spatiotemporal_age,1,fold_003,no_abiotic,ok,NA,NA,TRUE,0,0.04,471,TRUE,1.4741187385226613,0.11165922840448912,0.8980063318216822,0.5472749922142635,164,41,16,16,0
pooled_spatiotemporal_age,1,fold_003,no_spatial,not_converged,NA,NA,FALSE,0.05,1.24,392,TRUE,3.018498756067868,0.22061861199770177,0.7833585275187055,0.49135036578782787,164,41,16,16,0
pooled_spatiotemporal_age,1,fold_003,no_associations,not_converged,NA,NA,FALSE,0.01,0.44,398,TRUE,1.6244950050590745,0.12330349656979064,0.8851715581415248,0.5977665539320004,164,41,16,16,0
pooled_spatiotemporal_age,1,fold_004,full,not_converged,NA,NA,FALSE,0.01,0.11,289,TRUE,2.9160920104092742,0.21390216816020557,0.7902713571616492,0.563728686710349,164,41,16,16,0
pooled_spatiotemporal_age,1,fold_004,no_abiotic,ok,NA,NA,TRUE,0,0.03,471,TRUE,1.173053076265547,0.0891085246377495,0.916427068064795,0.5569665093450519,164,41,16,16,0
pooled_spatiotemporal_age,1,fold_004,no_spatial,not_converged,NA,NA,FALSE,0.02,0.21,305,TRUE,3.2013473901907448,0.23171819855167092,0.7701732626752359,0.5013186313763832,164,41,16,16,0
pooled_spatiotemporal_age,1,fold_004,no_associations,not_converged,NA,NA,FALSE,0,1.01,200,TRUE,3.5523943974186527,0.2615711947813278,0.7420603600556245,0.5119792622442063,164,41,16,16,0
pooled_spatiotemporal_age,1,fold_005,full,not_converged,NA,NA,FALSE,0.03,2.34,283,TRUE,3.3067915466566937,0.24614387516084996,0.7577625957104784,0.5568649485619882,164,41,16,15,1
pooled_spatiotemporal_age,1,fold_005,no_abiotic,ok,NA,NA,TRUE,0,0.03,323,TRUE,1.4904732615912077,0.1099957344310665,0.8919793561487372,0.5297413938718286,164,41,16,15,1
pooled_spatiotemporal_age,1,fold_005,no_spatial,not_converged,NA,NA,FALSE,0.01,0.76,500,FALSE,2.4061230364981325,0.17951164696017488,0.8227611151063919,0.6225139631580865,164,41,16,15,1
pooled_spatiotemporal_age,1,fold_005,no_associations,not_converged,NA,NA,FALSE,0.02,0.34,500,FALSE,1.7581093912189143,0.12902952147632044,0.8722661703117729,0.6220236557201492,164,41,16,15,1
pooled_spatiotemporal_age,2,fold_001,full,not_converged,NA,NA,FALSE,0.02,0.61,500,FALSE,2.242527259424933,0.16505523732291877,0.8348434421051639,0.6027005076287644,164,41,16,16,0
pooled_spatiotemporal_age,2,fold_001,no_abiotic,ok,NA,NA,TRUE,0,0.03,297,TRUE,1.245062302855286,0.09671722494968231,0.9124671185993231,0.5684024470111931,164,41,16,16,0
pooled_spatiotemporal_age,2,fold_001,no_spatial,not_converged,NA,NA,FALSE,0.03,1.12,378,TRUE,2.469656915960488,0.18011348229436958,0.8205453362624101,0.5485487984356763,164,41,16,16,0
pooled_spatiotemporal_age,2,fold_001,no_associations,not_converged,NA,NA,FALSE,0.1,2.18,408,TRUE,2.3479224851106575,0.17215454048417211,0.8269377634047689,0.5413255483748458,164,41,16,16,0
pooled_spatiotemporal_age,2,fold_002,full,not_converged,NA,NA,FALSE,0.02,1.42,481,TRUE,3.654538400475459,0.2675375207855988,0.734390202631245,0.5363801264781214,164,41,16,15,1
pooled_spatiotemporal_age,2,fold_002,no_abiotic,ok,NA,NA,TRUE,0,0.01,257,TRUE,1.8208751989271008,0.13205088864811637,0.8676868733871991,0.5318013145710467,164,41,16,15,1
pooled_spatiotemporal_age,2,fold_002,no_spatial,not_converged,NA,NA,FALSE,0.01,0.5,364,TRUE,3.595955369544098,0.26068925089711664,0.7389694995558188,0.5020678030790094,164,41,16,15,1
pooled_spatiotemporal_age,2,fold_002,no_associations,not_converged,NA,NA,FALSE,0.08,0.23,324,TRUE,2.551269450827188,0.18839449024367244,0.8140202631244976,0.5741015489729577,164,41,16,15,1
pooled_spatiotemporal_age,2,fold_003,full,not_converged,NA,NA,FALSE,0.01,0.56,500,FALSE,2.415240478991498,0.17745247669179065,0.825309360126917,0.6189672219448894,164,41,16,15,1
pooled_spatiotemporal_age,2,fold_003,no_abiotic,ok,NA,NA,TRUE,0,0.03,375,TRUE,1.4290947669920313,0.10531624628435508,0.896890534108937,0.5289883193729348,164,41,16,15,1
pooled_spatiotemporal_age,2,fold_003,no_spatial,ok,NA,NA,TRUE,0,0.39,394,TRUE,3.2173841984288147,0.23422694056487917,0.7657694341618192,0.5505493139096378,164,41,16,15,1
pooled_spatiotemporal_age,2,fold_003,no_associations,not_converged,NA,NA,FALSE,0.07,1.22,350,TRUE,2.625411742607837,0.19443906588455412,0.8088894764674776,0.571885071849157,164,41,16,15,1
pooled_spatiotemporal_age,2,fold_004,full,not_converged,NA,NA,FALSE,0.01,0.05,500,FALSE,3.1902747940177147,0.23328804337371506,0.7665962837837837,0.5329361576168852,164,41,16,16,0
pooled_spatiotemporal_age,2,fold_004,no_abiotic,ok,NA,NA,TRUE,0,0,171,TRUE,1.211893355869604,0.09079121442950394,0.9130020645645646,0.5624573784524443,164,41,16,16,0
pooled_spatiotemporal_age,2,fold_004,no_spatial,ok,NA,NA,TRUE,0,0.66,236,TRUE,2.6097569033527575,0.19401224284056418,0.8112378003003003,0.5425929209888188,164,41,16,16,0
pooled_spatiotemporal_age,2,fold_004,no_associations,not_converged,NA,NA,FALSE,0.11,1.26,186,TRUE,2.051956805971196,0.15010273321137005,0.8496433933933933,0.5861808734172318,164,41,16,16,0
pooled_spatiotemporal_age,2,fold_005,full,not_converged,NA,NA,FALSE,0.01,0.12,406,TRUE,2.637965043768753,0.19247894264750562,0.8088759590428111,0.533566141789826,164,41,16,16,0
pooled_spatiotemporal_age,2,fold_005,no_abiotic,ok,NA,NA,TRUE,0,0.04,311,TRUE,1.090065649717609,0.08350362845898239,0.9258720515672685,0.544852759684416,164,41,16,16,0
pooled_spatiotemporal_age,2,fold_005,no_spatial,not_converged,NA,NA,FALSE,0.03,0.6,397,TRUE,2.1352694884445604,0.156916160951261,0.8485591778139053,0.5543533151989034,164,41,16,16,0
pooled_spatiotemporal_age,2,fold_005,no_associations,not_converged,NA,NA,FALSE,0.03,2.79,366,TRUE,1.4910233905587893,0.1128865476955541,0.8930958424840516,0.6042849189908014,164,41,16,16,0
pooled_spatiotemporal_age,3,fold_001,full,not_converged,NA,NA,FALSE,0.02,0.24,287,TRUE,3.792104701317159,0.27795839221992247,0.7232880038853813,0.5117272879218897,164,41,16,14,2
pooled_spatiotemporal_age,3,fold_001,no_abiotic,ok,NA,NA,TRUE,0,0.04,500,FALSE,1.7731439739607544,0.1324883178417446,0.8711267605633802,0.5454592649485123,164,41,16,14,2
pooled_spatiotemporal_age,3,fold_001,no_spatial,not_converged,NA,NA,FALSE,0.01,0.12,451,TRUE,4.826108728369202,0.3524788501526137,0.6458474987858184,0.5273314808844142,164,41,16,14,2
pooled_spatiotemporal_age,3,fold_001,no_associations,not_converged,NA,NA,FALSE,0.02,1.41,500,FALSE,2.6417711569281046,0.19545530065775993,0.8066051481301603,0.5538795325748024,164,41,16,14,2
pooled_spatiotemporal_age,3,fold_002,full,not_converged,NA,NA,FALSE,0.01,0.25,395,TRUE,2.5878598154777994,0.19196130950243123,0.8129006597725891,0.5490830954432213,164,41,16,16,0
pooled_spatiotemporal_age,3,fold_002,no_abiotic,ok,NA,NA,TRUE,0,0.02,500,FALSE,0.9524314557608805,0.07029778010699181,0.9316924804641804,0.5499341238471673,164,41,16,16,0
pooled_spatiotemporal_age,3,fold_002,no_spatial,ok,NA,NA,TRUE,0,0.2,396,TRUE,2.3559057932789043,0.17551207638122412,0.8291001824902906,0.5697772502620901,164,41,16,16,0
pooled_spatiotemporal_age,3,fold_002,no_associations,not_converged,NA,NA,FALSE,0.17,2.95,228,TRUE,1.700691120593096,0.12609185207514315,0.8757475083056478,0.6023036277755958,164,41,16,16,0
pooled_spatiotemporal_age,3,fold_003,full,not_converged,NA,NA,FALSE,0.01,0.22,500,FALSE,2.4321325276098675,0.17828692810913105,0.8265290570854329,0.567507061470606,164,41,16,16,0
pooled_spatiotemporal_age,3,fold_003,no_abiotic,ok,NA,NA,TRUE,0,0,269,TRUE,1.31027937988043,0.09591306911017076,0.9092900755360391,0.5456179860227837,164,41,16,16,0
pooled_spatiotemporal_age,3,fold_003,no_spatial,not_converged,NA,NA,FALSE,0.01,0.69,283,TRUE,3.4465002162255014,0.25363439884131167,0.757027328234095,0.5393307517824207,164,41,16,16,0
pooled_spatiotemporal_age,3,fold_003,no_associations,not_converged,NA,NA,FALSE,0.03,0.62,500,FALSE,1.9836550693466406,0.14473603373548244,0.8616585542421153,0.5585239848713375,164,41,16,16,0
pooled_spatiotemporal_age,3,fold_004,full,not_converged,NA,NA,FALSE,0.01,0.3,474,TRUE,1.7588642723778651,0.12870590137411053,0.8717135182012395,0.6036510220437942,164,41,16,15,1
pooled_spatiotemporal_age,3,fold_004,no_abiotic,ok,NA,NA,TRUE,0,0.02,303,TRUE,1.253577767704775,0.09495528150519475,0.9093480973835057,0.5508958198664081,164,41,16,15,1
pooled_spatiotemporal_age,3,fold_004,no_spatial,ok,NA,NA,TRUE,0,0.73,386,TRUE,2.3929967088124706,0.17611054270486765,0.8261734035577554,0.535692592966944,164,41,16,15,1
pooled_spatiotemporal_age,3,fold_004,no_associations,not_converged,NA,NA,FALSE,0.06,0.02,196,TRUE,2.6422865417945207,0.1946137714086785,0.8061425217336126,0.5748222928624512,164,41,16,15,1
pooled_spatiotemporal_age,3,fold_005,full,not_converged,NA,NA,FALSE,0.01,0.51,500,FALSE,2.743076643807408,0.20016576517964096,0.7968308901456533,0.6119794823548693,164,41,16,16,0
pooled_spatiotemporal_age,3,fold_005,no_abiotic,ok,NA,NA,TRUE,0,0.01,215,TRUE,1.5916853152049355,0.11833486982243382,0.8856531892743592,0.529651943738631,164,41,16,16,0
pooled_spatiotemporal_age,3,fold_005,no_spatial,not_converged,NA,NA,FALSE,0.01,0.83,330,TRUE,3.1172168837955043,0.2315917310820127,0.7717518734231826,0.516143941743787,164,41,16,16,0
pooled_spatiotemporal_age,3,fold_005,no_associations,not_converged,NA,NA,FALSE,0.17,2.48,208,TRUE,2.8445304511073863,0.21085068791645584,0.7858342008759837,0.5748121891891241,164,41,16,16,0
pooled_spatiotemporal_age,4,fold_001,full,not_converged,NA,NA,FALSE,0.01,0.36,289,TRUE,2.974152753764033,0.22177905759086675,0.7784529239020613,0.5394752625209281,164,41,16,16,0
pooled_spatiotemporal_age,4,fold_001,no_abiotic,ok,NA,NA,TRUE,0,0.02,423,TRUE,1.396801672044295,0.10297008160683709,0.9015136492828343,0.5327123770622223,164,41,16,16,0
pooled_spatiotemporal_age,4,fold_001,no_spatial,ok,NA,NA,TRUE,0,0.01,500,FALSE,1.969944705932537,0.14575705732137578,0.8541495519484812,0.5538821517052941,164,41,16,16,0
pooled_spatiotemporal_age,4,fold_001,no_associations,not_converged,NA,NA,FALSE,0.03,2.2,500,FALSE,1.7971838606854222,0.13210586459297485,0.8739129203138721,0.5893623678743648,164,41,16,16,0
pooled_spatiotemporal_age,4,fold_002,full,not_converged,NA,NA,FALSE,0.01,0.66,267,TRUE,2.6890093915409117,0.2009161125336874,0.803061797752809,0.599882736707385,164,41,16,16,0
pooled_spatiotemporal_age,4,fold_002,no_abiotic,ok,NA,NA,TRUE,0,0.04,327,TRUE,1.264812333949665,0.09634090111848262,0.9084035580524344,0.5663820441334029,164,41,16,16,0
pooled_spatiotemporal_age,4,fold_002,no_spatial,not_converged,NA,NA,FALSE,0.03,0.97,346,TRUE,3.1272528056592535,0.22959961295139855,0.7754026217228465,0.5103260059142413,164,41,16,16,0
pooled_spatiotemporal_age,4,fold_002,no_associations,not_converged,NA,NA,FALSE,0.07,0.82,346,TRUE,1.95122558588488,0.14471544134740685,0.855252808988764,0.6256804574000067,164,41,16,16,0
pooled_spatiotemporal_age,4,fold_003,full,not_converged,NA,NA,FALSE,0.01,0.43,494,TRUE,2.4938464094020447,0.18301423466185193,0.8177686846496893,0.5954740608705839,164,41,16,16,0
pooled_spatiotemporal_age,4,fold_003,no_abiotic,ok,NA,NA,TRUE,0,0,374,TRUE,1.3404125511764118,0.10015449876264626,0.9061501183259006,0.5390197521776469,164,41,16,16,0
pooled_spatiotemporal_age,4,fold_003,no_spatial,not_converged,NA,NA,FALSE,0.01,0.24,306,TRUE,3.4396599686823253,0.2552227876959208,0.745754881532674,0.5293971239553521,164,41,16,16,0
pooled_spatiotemporal_age,4,fold_003,no_associations,not_converged,NA,NA,FALSE,0.08,2.95,328,TRUE,2.2211853224082945,0.1634545594984357,0.8392653422965596,0.5837810341978001,164,41,16,16,0
pooled_spatiotemporal_age,4,fold_004,full,not_converged,NA,NA,FALSE,0.01,0.87,465,TRUE,2.6279407135777486,0.19148766545782825,0.8080017989765282,0.6314088452826843,164,41,16,14,2
pooled_spatiotemporal_age,4,fold_004,no_abiotic,ok,NA,NA,TRUE,0,0.01,431,TRUE,1.4260780401972708,0.10463850381525931,0.8956715166101448,0.5508026695526695,164,41,16,14,2
pooled_spatiotemporal_age,4,fold_004,no_spatial,not_converged,NA,NA,FALSE,0.02,1.38,500,FALSE,2.6499585660192624,0.19227509562723788,0.8063304525398388,0.5992576051399581,164,41,16,14,2
pooled_spatiotemporal_age,4,fold_004,no_associations,not_converged,NA,NA,FALSE,0.08,2.13,322,TRUE,3.231648003689952,0.2357018609953991,0.7627113493539487,0.6349896126405414,164,41,16,14,2
pooled_spatiotemporal_age,4,fold_005,full,not_converged,NA,NA,FALSE,0.13,2.08,201,TRUE,2.86114690884473,0.21259517408579623,0.7890406604399817,0.5895103895103895,164,41,16,16,0
pooled_spatiotemporal_age,4,fold_005,no_abiotic,ok,NA,NA,TRUE,0,0.03,405,TRUE,1.4034644860785035,0.10473379783336802,0.8984938153872044,0.5385616385616385,164,41,16,16,0
pooled_spatiotemporal_age,4,fold_005,no_spatial,not_converged,NA,NA,FALSE,0.01,0.33,444,TRUE,3.290965983456214,0.23937314084916206,0.754971531147449,0.4960422647922648,164,41,16,16,0
pooled_spatiotemporal_age,4,fold_005,no_associations,not_converged,NA,NA,FALSE,0.01,0.6,500,FALSE,2.3055816652838304,0.16954415499724174,0.830921194102413,0.5693200068200068,164,41,16,16,0
pooled_spatiotemporal_age,5,fold_001,full,not_converged,NA,NA,FALSE,0.01,0.07,298,TRUE,2.736263239959872,0.20216796039356838,0.7995993443817155,0.6546099174291898,164,41,16,14,2
pooled_spatiotemporal_age,5,fold_001,no_abiotic,ok,NA,NA,TRUE,0,0.01,281,TRUE,1.3662516896653187,0.10384502829223664,0.9011109087597887,0.5526192876715322,164,41,16,14,2
pooled_spatiotemporal_age,5,fold_001,no_spatial,not_converged,NA,NA,FALSE,0.02,0.78,350,TRUE,3.0432420746675266,0.22349547229295091,0.7776300613124507,0.5161233183195257,164,41,16,14,2
pooled_spatiotemporal_age,5,fold_001,no_associations,not_converged,NA,NA,FALSE,0.15,2.75,251,TRUE,2.1062350022281326,0.15600404709052165,0.8451405329933831,0.6324743220060558,164,41,16,14,2
pooled_spatiotemporal_age,5,fold_002,full,ok,NA,NA,TRUE,0,0.64,355,TRUE,2.728955716147075,0.2010468114610973,0.8007408869959289,0.6280497511166749,164,41,16,16,0
pooled_spatiotemporal_age,5,fold_002,no_abiotic,ok,NA,NA,TRUE,0,0.03,327,TRUE,1.3999137424350216,0.10407517545695182,0.8989930330296448,0.561633198552239,164,41,16,16,0
pooled_spatiotemporal_age,5,fold_002,no_spatial,not_converged,NA,NA,FALSE,0.03,0.05,442,TRUE,2.6198001938138433,0.19192451642478137,0.8079993230474148,0.5790188131485138,164,41,16,16,0
pooled_spatiotemporal_age,5,fold_002,no_associations,not_converged,NA,NA,FALSE,0.01,1.29,338,TRUE,2.0500267315698584,0.1504249473088685,0.8488609332543555,0.5567223941403536,164,41,16,16,0
pooled_spatiotemporal_age,5,fold_003,full,not_converged,NA,NA,FALSE,0.01,0.43,467,TRUE,4.490898327837322,0.3265515657953251,0.6760112359550562,0.535065610604609,164,41,16,16,0
pooled_spatiotemporal_age,5,fold_003,no_abiotic,ok,NA,NA,TRUE,0,0.04,218,TRUE,1.5900959697054522,0.11713307265307574,0.8867883895131086,0.5278406234288587,164,41,16,16,0
pooled_spatiotemporal_age,5,fold_003,no_spatial,not_converged,NA,NA,FALSE,0.01,0.15,361,TRUE,4.135839852793189,0.3017341067425078,0.6973220973782771,0.5408806307056917,164,41,16,16,0
pooled_spatiotemporal_age,5,fold_003,no_associations,not_converged,NA,NA,FALSE,0.02,0.33,230,TRUE,4.138523412442369,0.3038647918830697,0.7002106741573034,0.5340607878761462,164,41,16,16,0
pooled_spatiotemporal_age,5,fold_004,full,not_converged,NA,NA,FALSE,0.01,1.04,500,FALSE,2.723779800076839,0.19931754279222466,0.8007371007371007,0.5164716494365986,164,41,16,16,0
pooled_spatiotemporal_age,5,fold_004,no_abiotic,ok,NA,NA,TRUE,0,0.03,404,TRUE,1.1412538820134217,0.08389960804202924,0.9192165942165942,0.5484948731823732,164,41,16,16,0
pooled_spatiotemporal_age,5,fold_004,no_spatial,not_converged,NA,NA,FALSE,0.01,1,469,TRUE,3.2391715581745606,0.23817745256536355,0.7613305613305613,0.5746482862601283,164,41,16,16,0
pooled_spatiotemporal_age,5,fold_004,no_associations,not_converged,NA,NA,FALSE,0.1,0.81,265,TRUE,1.9717779365627484,0.14655551784354198,0.8538886788886789,0.5403717340230498,164,41,16,16,0
pooled_spatiotemporal_age,5,fold_005,full,ok,NA,NA,TRUE,0,0.13,434,TRUE,2.4745938777710923,0.18203548783848494,0.8183450888192267,0.533000605199959,164,41,16,16,0
pooled_spatiotemporal_age,5,fold_005,no_abiotic,ok,NA,NA,TRUE,0,0.01,274,TRUE,1.2940331414191537,0.09643590549330265,0.9058674802209284,0.5334967939430414,164,41,16,16,0
pooled_spatiotemporal_age,5,fold_005,no_spatial,not_converged,NA,NA,FALSE,0.01,0.16,293,TRUE,3.5905383648784346,0.26278106335834883,0.7385057471264368,0.5119047490861183,164,41,16,16,0
pooled_spatiotemporal_age,5,fold_005,no_associations,not_converged,NA,NA,FALSE,0.01,0.77,402,TRUE,2.6678974036068333,0.1968180027548321,0.806160434393193,0.5714854261344454,164,41,16,16,0
pooled_spatiotemporal_no_age,1,fold_001,full,ok,NA,NA,TRUE,0,0.01,439,TRUE,1.3622139997383418,0.1027584206187527,0.9003716502575471,0.5474611384018927,164,41,16,16,0
pooled_spatiotemporal_no_age,1,fold_001,no_abiotic,ok,NA,NA,TRUE,0,0.03,256,TRUE,1.453156730943414,0.10518271646441463,0.8948062109371362,0.5246537553355736,164,41,16,16,0
pooled_spatiotemporal_no_age,1,fold_001,no_spatial,ok,NA,NA,TRUE,0,0.01,263,TRUE,1.465693745626533,0.11451093678206875,0.8920817071694036,0.5230508069658084,164,41,16,16,0
pooled_spatiotemporal_no_age,1,fold_001,no_associations,ok,NA,NA,TRUE,0,0.05,165,TRUE,1.342943924589524,0.10654436436257105,0.902164699745713,0.5480685148888076,164,41,16,16,0
pooled_spatiotemporal_no_age,1,fold_002,full,ok,NA,NA,TRUE,0,0,241,TRUE,1.2786029568626058,0.09790339298485483,0.9106390225211801,0.5882628257628257,164,41,16,15,1
pooled_spatiotemporal_no_age,1,fold_002,no_abiotic,ok,NA,NA,TRUE,0,0.02,216,TRUE,1.3183784158398735,0.09935986831720467,0.9075258631699945,0.5467709842709843,164,41,16,15,1
pooled_spatiotemporal_no_age,1,fold_002,no_spatial,ok,NA,NA,TRUE,0,0.03,298,TRUE,1.4087297670622303,0.10607755401732138,0.9010387841117119,0.5497668997668997,164,41,16,15,1
pooled_spatiotemporal_no_age,1,fold_002,no_associations,ok,NA,NA,TRUE,0,0.01,262,TRUE,1.2387073810419398,0.09681439385810275,0.9133104857592916,0.6142808570440149,164,41,16,15,1
pooled_spatiotemporal_no_age,1,fold_003,full,ok,NA,NA,TRUE,0,0,500,FALSE,1.4213014405309374,0.10538110523559717,0.9007539241132122,0.5656054624057758,164,41,16,16,0
pooled_spatiotemporal_no_age,1,fold_003,no_abiotic,ok,NA,NA,TRUE,0,0.04,471,TRUE,1.4741187385226613,0.11165922840448912,0.8980063318216822,0.5472749922142635,164,41,16,16,0
pooled_spatiotemporal_no_age,1,fold_003,no_spatial,ok,NA,NA,TRUE,0,0.01,308,TRUE,1.689449722961794,0.1294872579015691,0.8837217040776552,0.5248732261890157,164,41,16,16,0
pooled_spatiotemporal_no_age,1,fold_003,no_associations,ok,NA,NA,TRUE,0,0.02,201,TRUE,1.4257623045175485,0.10674126107199854,0.9000408811309812,0.559460291786921,164,41,16,16,0
pooled_spatiotemporal_no_age,1,fold_004,full,ok,NA,NA,TRUE,0,0.01,401,TRUE,1.143528274658445,0.08980151872889494,0.9188794302251287,0.5863515974852007,164,41,16,16,0
pooled_spatiotemporal_no_age,1,fold_004,no_abiotic,ok,NA,NA,TRUE,0,0.03,471,TRUE,1.173053076265547,0.0891085246377495,0.916427068064795,0.5569665093450519,164,41,16,16,0
pooled_spatiotemporal_no_age,1,fold_004,no_spatial,ok,NA,NA,TRUE,0,0,500,FALSE,1.4385881839364913,0.11102651142452488,0.8984101928064043,0.5228632946244283,164,41,16,16,0
pooled_spatiotemporal_no_age,1,fold_004,no_associations,ok,NA,NA,TRUE,0,0.02,293,TRUE,1.1090879965035285,0.09034136106120741,0.9210921937835908,0.6017498203733022,164,41,16,16,0
pooled_spatiotemporal_no_age,1,fold_005,full,ok,NA,NA,TRUE,0,0,335,TRUE,1.2941277657527053,0.1024603756568045,0.9060503828419137,0.5688470026705321,164,41,16,15,1
pooled_spatiotemporal_no_age,1,fold_005,no_abiotic,ok,NA,NA,TRUE,0,0.03,323,TRUE,1.4904732615912077,0.1099957344310665,0.8919793561487372,0.5297413938718286,164,41,16,15,1
pooled_spatiotemporal_no_age,1,fold_005,no_spatial,ok,NA,NA,TRUE,0,0.04,265,TRUE,1.3980730087404416,0.1122842715137135,0.8972672278861203,0.5472297754107217,164,41,16,15,1
pooled_spatiotemporal_no_age,1,fold_005,no_associations,ok,NA,NA,TRUE,0,0.02,365,TRUE,1.1767851051095481,0.09773359870595916,0.9128188586657642,0.5941171777568837,164,41,16,15,1
pooled_spatiotemporal_no_age,2,fold_001,full,ok,NA,NA,TRUE,0,0.06,332,TRUE,1.1841100155516884,0.09102645519568349,0.9172472964181666,0.605697297657437,164,41,16,16,0
pooled_spatiotemporal_no_age,2,fold_001,no_abiotic,ok,NA,NA,TRUE,0,0.03,297,TRUE,1.245062302855286,0.09671722494968231,0.9124671185993231,0.5684024470111931,164,41,16,16,0
pooled_spatiotemporal_no_age,2,fold_001,no_spatial,ok,NA,NA,TRUE,0,0.02,327,TRUE,1.4435794888001416,0.11283111246721156,0.8982397254461971,0.5495574292013921,164,41,16,16,0
pooled_spatiotemporal_no_age,2,fold_001,no_associations,ok,NA,NA,TRUE,0,0.01,261,TRUE,1.122090002416471,0.0884896584072453,0.9213863458510508,0.6133019483735428,164,41,16,16,0
pooled_spatiotemporal_no_age,2,fold_002,full,ok,NA,NA,TRUE,0,0.01,370,TRUE,1.7221645636520886,0.12899191434672622,0.8736357290917551,0.5408730905756094,164,41,16,15,1
pooled_spatiotemporal_no_age,2,fold_002,no_abiotic,ok,NA,NA,TRUE,0,0.01,257,TRUE,1.8208751989271008,0.13205088864811637,0.8676868733871991,0.5318013145710467,164,41,16,15,1
pooled_spatiotemporal_no_age,2,fold_002,no_spatial,ok,NA,NA,TRUE,0,0.03,280,TRUE,1.7843103643097764,0.1365123670967248,0.8690617200389187,0.5301112040943738,164,41,16,15,1
pooled_spatiotemporal_no_age,2,fold_002,no_associations,ok,NA,NA,TRUE,0,0,370,TRUE,1.5642230860550104,0.1278428938877788,0.8852161681966242,0.5815159879155615,164,41,16,15,1
pooled_spatiotemporal_no_age,2,fold_003,full,ok,NA,NA,TRUE,0,0.03,425,TRUE,1.3906147940092903,0.10514884034152545,0.8993336858804866,0.5587220471835856,164,41,16,15,1
pooled_spatiotemporal_no_age,2,fold_003,no_abiotic,ok,NA,NA,TRUE,0,0.03,375,TRUE,1.4290947669920313,0.10531624628435508,0.896890534108937,0.5289883193729348,164,41,16,15,1
pooled_spatiotemporal_no_age,2,fold_003,no_spatial,ok,NA,NA,TRUE,0,0.03,351,TRUE,1.4433302620305402,0.11642287149819934,0.8942887361184558,0.5287545787545788,164,41,16,15,1
pooled_spatiotemporal_no_age,2,fold_003,no_associations,ok,NA,NA,TRUE,0,0.02,500,FALSE,1.2477898389590185,0.10366935734044386,0.9085193019566367,0.6004220535894744,164,41,16,15,1
pooled_spatiotemporal_no_age,2,fold_004,full,ok,NA,NA,TRUE,0,0.02,195,TRUE,1.135195426212402,0.08641917654471032,0.918825075075075,0.5904338853763196,164,41,16,16,0
pooled_spatiotemporal_no_age,2,fold_004,no_abiotic,ok,NA,NA,TRUE,0,0,171,TRUE,1.211893355869604,0.09079121442950394,0.9130020645645646,0.5624573784524443,164,41,16,16,0
pooled_spatiotemporal_no_age,2,fold_004,no_spatial,ok,NA,NA,TRUE,0,0,248,TRUE,1.3824346844590698,0.10791297513908527,0.9019801051051051,0.5415522242921623,164,41,16,16,0
pooled_spatiotemporal_no_age,2,fold_004,no_associations,ok,NA,NA,TRUE,0,0.04,236,TRUE,1.0862895956722287,0.08609814049721663,0.9227430555555556,0.6086075748082327,164,41,16,16,0
pooled_spatiotemporal_no_age,2,fold_005,full,ok,NA,NA,TRUE,0,0.02,455,TRUE,1.073058577218025,0.08235420334089412,0.9271555289352842,0.5856440762110267,164,41,16,16,0
pooled_spatiotemporal_no_age,2,fold_005,no_abiotic,ok,NA,NA,TRUE,0,0.04,311,TRUE,1.090065649717609,0.08350362845898239,0.9258720515672685,0.544852759684416,164,41,16,16,0
pooled_spatiotemporal_no_age,2,fold_005,no_spatial,ok,NA,NA,TRUE,0,0.01,306,TRUE,1.269365734152027,0.09792156340697587,0.9150765808162916,0.5429942810457516,164,41,16,16,0
pooled_spatiotemporal_no_age,2,fold_005,no_associations,ok,NA,NA,TRUE,0,0.04,211,TRUE,1.0416523777030964,0.08345484131610349,0.9301312949811281,0.6356440762110267,164,41,16,16,0
pooled_spatiotemporal_no_age,3,fold_001,full,ok,NA,NA,TRUE,0,0.05,357,TRUE,1.7294850729101734,0.13439666697146893,0.873300145701797,0.5770336857114411,164,41,16,14,2
pooled_spatiotemporal_no_age,3,fold_001,no_abiotic,ok,NA,NA,TRUE,0,0.04,500,FALSE,1.7731439739607544,0.1324883178417446,0.8711267605633802,0.5454592649485123,164,41,16,14,2
pooled_spatiotemporal_no_age,3,fold_001,no_spatial,ok,NA,NA,TRUE,0,0,243,TRUE,1.9016895119479347,0.14864209975061438,0.8586024769305488,0.5416087962962963,164,41,16,14,2
pooled_spatiotemporal_no_age,3,fold_001,no_associations,ok,NA,NA,TRUE,0,0.01,357,TRUE,1.5629896191031571,0.13125213538983607,0.8844524040796503,0.606240532727428,164,41,16,14,2
pooled_spatiotemporal_no_age,3,fold_002,full,ok,NA,NA,TRUE,0,0.03,456,TRUE,0.8548803823268399,0.06467630506227923,0.938954658181648,0.5908695132879915,164,41,16,16,0
pooled_spatiotemporal_no_age,3,fold_002,no_abiotic,ok,NA,NA,TRUE,0,0.02,500,FALSE,0.9524314557608805,0.07029778010699181,0.9316924804641804,0.5499341238471673,164,41,16,16,0
pooled_spatiotemporal_no_age,3,fold_002,no_spatial,ok,NA,NA,TRUE,0,0,327,TRUE,0.9981968601294908,0.07920984011698438,0.9288708998175097,0.5422936770762857,164,41,16,16,0
pooled_spatiotemporal_no_age,3,fold_002,no_associations,ok,NA,NA,TRUE,0,0.01,315,TRUE,0.785904872742903,0.06432048829991405,0.9442889897524683,0.6518146622766188,164,41,16,16,0
pooled_spatiotemporal_no_age,3,fold_003,full,ok,NA,NA,TRUE,0,0.01,500,FALSE,1.2109440134626905,0.09265053550617758,0.9186630216320738,0.6073646722111963,164,41,16,16,0
pooled_spatiotemporal_no_age,3,fold_003,no_abiotic,ok,NA,NA,TRUE,0,0,269,TRUE,1.31027937988043,0.09591306911017076,0.9092900755360391,0.5456179860227837,164,41,16,16,0
pooled_spatiotemporal_no_age,3,fold_003,no_spatial,ok,NA,NA,TRUE,0,0.02,241,TRUE,1.5272424201007073,0.11750351556019163,0.8980739738814856,0.5584348695332677,164,41,16,16,0
pooled_spatiotemporal_no_age,3,fold_003,no_associations,ok,NA,NA,TRUE,0,0.03,229,TRUE,1.1883407075455055,0.0927432362728918,0.9199203680595907,0.6119618294399325,164,41,16,16,0
pooled_spatiotemporal_no_age,3,fold_004,full,ok,NA,NA,TRUE,0,0.01,260,TRUE,1.1973533729058718,0.0942147312517748,0.9130020940415001,0.5711009684539097,164,41,16,15,1
pooled_spatiotemporal_no_age,3,fold_004,no_abiotic,ok,NA,NA,TRUE,0,0.02,303,TRUE,1.253577767704775,0.09495528150519475,0.9093480973835057,0.5508958198664081,164,41,16,15,1
pooled_spatiotemporal_no_age,3,fold_004,no_spatial,ok,NA,NA,TRUE,0,0.06,311,TRUE,1.3371389259923998,0.10624835422469849,0.9017386890031094,0.5307885357885358,164,41,16,15,1
pooled_spatiotemporal_no_age,3,fold_004,no_associations,ok,NA,NA,TRUE,0,0.02,234,TRUE,1.1217718279689681,0.09281430651011041,0.9175074560568564,0.6139730595980596,164,41,16,15,1
pooled_spatiotemporal_no_age,3,fold_005,full,ok,NA,NA,TRUE,0,0.01,211,TRUE,1.4483947843949592,0.10909927201751593,0.895932397325155,0.5648166843987278,164,41,16,16,0
pooled_spatiotemporal_no_age,3,fold_005,no_abiotic,ok,NA,NA,TRUE,0,0.01,215,TRUE,1.5916853152049355,0.11833486982243382,0.8856531892743592,0.529651943738631,164,41,16,16,0
pooled_spatiotemporal_no_age,3,fold_005,no_spatial,ok,NA,NA,TRUE,0,0.01,227,TRUE,1.5632769144503404,0.12060949285765146,0.8881948547686709,0.5327724477105282,164,41,16,16,0
pooled_spatiotemporal_no_age,3,fold_005,no_associations,ok,NA,NA,TRUE,0,0.01,255,TRUE,1.3944119687751215,0.107470905980619,0.8993462948894704,0.5701713744283404,164,41,16,16,0
pooled_spatiotemporal_no_age,4,fold_001,full,ok,NA,NA,TRUE,0,0.04,275,TRUE,1.3151128864077435,0.09797602770101806,0.9073491780213969,0.5692787386285838,164,41,16,16,0
pooled_spatiotemporal_no_age,4,fold_001,no_abiotic,ok,NA,NA,TRUE,0,0.02,423,TRUE,1.396801672044295,0.10297008160683709,0.9015136492828343,0.5327123770622223,164,41,16,16,0
pooled_spatiotemporal_no_age,4,fold_001,no_spatial,ok,NA,NA,TRUE,0,0,241,TRUE,1.389020173594005,0.11169352464684965,0.9036571201948953,0.5383329685961264,164,41,16,16,0
pooled_spatiotemporal_no_age,4,fold_001,no_associations,ok,NA,NA,TRUE,0,0.03,229,TRUE,1.2590791601263729,0.09570657714299845,0.9110412358478985,0.5780725882119071,164,41,16,16,0
pooled_spatiotemporal_no_age,4,fold_002,full,ok,NA,NA,TRUE,0,0.04,236,TRUE,1.1843800489700647,0.09236405700352424,0.913937265917603,0.5843454822534906,164,41,16,16,0
pooled_spatiotemporal_no_age,4,fold_002,no_abiotic,ok,NA,NA,TRUE,0,0.04,327,TRUE,1.264812333949665,0.09634090111848262,0.9084035580524344,0.5663820441334029,164,41,16,16,0
pooled_spatiotemporal_no_age,4,fold_002,no_spatial,ok,NA,NA,TRUE,0,0.02,258,TRUE,1.5182357210140247,0.11926517785396067,0.8923080524344569,0.5431711897205024,164,41,16,16,0
pooled_spatiotemporal_no_age,4,fold_002,no_associations,ok,NA,NA,TRUE,0,0,252,TRUE,1.125546734812616,0.08974049182208348,0.9178838951310861,0.6146088328792932,164,41,16,16,0
pooled_spatiotemporal_no_age,4,fold_003,full,ok,NA,NA,TRUE,0,0.03,332,TRUE,1.322573496130025,0.09931512646950767,0.90778122436665,0.5551203735414262,164,41,16,16,0
pooled_spatiotemporal_no_age,4,fold_003,no_abiotic,ok,NA,NA,TRUE,0,0,374,TRUE,1.3404125511764118,0.10015449876264626,0.9061501183259006,0.5390197521776469,164,41,16,16,0
pooled_spatiotemporal_no_age,4,fold_003,no_spatial,ok,NA,NA,TRUE,0,0.02,250,TRUE,1.392280525480616,0.11042867996198207,0.9026333405617416,0.5556364766891082,164,41,16,16,0
pooled_spatiotemporal_no_age,4,fold_003,no_associations,ok,NA,NA,TRUE,0,0.01,182,TRUE,1.2228859274603683,0.09473579182693875,0.9144895015226799,0.5882304553357185,164,41,16,16,0
pooled_spatiotemporal_no_age,4,fold_004,full,ok,NA,NA,TRUE,0,0.03,244,TRUE,1.3234792398231974,0.10196654614707644,0.9009347384798648,0.5753639892958778,164,41,16,14,2
pooled_spatiotemporal_no_age,4,fold_004,no_abiotic,ok,NA,NA,TRUE,0,0.01,431,TRUE,1.4260780401972708,0.10463850381525931,0.8956715166101448,0.5508026695526695,164,41,16,14,2
pooled_spatiotemporal_no_age,4,fold_004,no_spatial,ok,NA,NA,TRUE,0,0.02,214,TRUE,1.452715325440036,0.11292575971953775,0.8892717791634759,0.5527626742023026,164,41,16,14,2
pooled_spatiotemporal_no_age,4,fold_004,no_associations,ok,NA,NA,TRUE,0,0.02,360,TRUE,1.1635120758545656,0.09984684270535342,0.9112666982703084,0.6441761970399741,164,41,16,14,2
pooled_spatiotemporal_no_age,4,fold_005,full,ok,NA,NA,TRUE,0,0,236,TRUE,1.3506185148303476,0.1047217771681964,0.9020512532839686,0.5737096987096987,164,41,16,16,0
pooled_spatiotemporal_no_age,4,fold_005,no_abiotic,ok,NA,NA,TRUE,0,0.03,405,TRUE,1.4034644860785035,0.10473379783336802,0.8984938153872044,0.5385616385616385,164,41,16,16,0
pooled_spatiotemporal_no_age,4,fold_005,no_spatial,ok,NA,NA,TRUE,0,0.03,344,TRUE,1.4077841797454616,0.11183905211302146,0.8985592610252526,0.5597020097020097,164,41,16,16,0
pooled_spatiotemporal_no_age,4,fold_005,no_associations,ok,NA,NA,TRUE,0,0.03,201,TRUE,1.3171525767325798,0.10764479439324204,0.9051225235838032,0.5884467915717916,164,41,16,16,0
pooled_spatiotemporal_no_age,5,fold_001,full,ok,NA,NA,TRUE,0,0,210,TRUE,1.25097505388817,0.09653521456326525,0.9087476476658775,0.5826876657275264,164,41,16,14,2
pooled_spatiotemporal_no_age,5,fold_001,no_abiotic,ok,NA,NA,TRUE,0,0.01,281,TRUE,1.3662516896653187,0.10384502829223664,0.9011109087597887,0.5526192876715322,164,41,16,14,2
pooled_spatiotemporal_no_age,5,fold_001,no_spatial,ok,NA,NA,TRUE,0,0.01,216,TRUE,1.38412969544871,0.10954471472701983,0.8975353608935834,0.5419985775248933,164,41,16,14,2
pooled_spatiotemporal_no_age,5,fold_001,no_associations,ok,NA,NA,TRUE,0,0,205,TRUE,1.1085408690304641,0.093811216897718,0.9179141625690523,0.6678770609498164,164,41,16,14,2
pooled_spatiotemporal_no_age,5,fold_002,full,ok,NA,NA,TRUE,0,0.04,271,TRUE,1.3087013816924173,0.10090996872613639,0.9068767100104363,0.6071728746016603,164,41,16,16,0
pooled_spatiotemporal_no_age,5,fold_002,no_abiotic,ok,NA,NA,TRUE,0,0.03,327,TRUE,1.3999137424350216,0.10407517545695182,0.8989930330296448,0.561633198552239,164,41,16,16,0
pooled_spatiotemporal_no_age,5,fold_002,no_spatial,ok,NA,NA,TRUE,0,0.03,446,TRUE,1.5907474886683242,0.1232615908032361,0.8867467727225716,0.546183888575193,164,41,16,16,0
pooled_spatiotemporal_no_age,5,fold_002,no_associations,ok,NA,NA,TRUE,0,0.02,235,TRUE,1.1985500318164133,0.09692308944520513,0.9146945721565641,0.6286659061260397,164,41,16,16,0
pooled_spatiotemporal_no_age,5,fold_003,full,ok,NA,NA,TRUE,0,0,281,TRUE,1.4902178010174254,0.11122264018663058,0.8935299625468165,0.5519048339535155,164,41,16,16,0
pooled_spatiotemporal_no_age,5,fold_003,no_abiotic,ok,NA,NA,TRUE,0,0.04,218,TRUE,1.5900959697054522,0.11713307265307574,0.8867883895131086,0.5278406234288587,164,41,16,16,0
pooled_spatiotemporal_no_age,5,fold_003,no_spatial,ok,NA,NA,TRUE,0,0.04,293,TRUE,1.5636544468183275,0.12012443930741958,0.8877574906367042,0.5398432449903038,164,41,16,16,0
pooled_spatiotemporal_no_age,5,fold_003,no_associations,ok,NA,NA,TRUE,0,0,393,TRUE,1.3610819646761916,0.10712865750781596,0.9027762172284645,0.5864777660923706,164,41,16,16,0
pooled_spatiotemporal_no_age,5,fold_004,full,ok,NA,NA,TRUE,0,0.02,425,TRUE,1.1662469549820105,0.08665476961154168,0.9177329427329427,0.549422352136168,164,41,16,16,0
pooled_spatiotemporal_no_age,5,fold_004,no_abiotic,ok,NA,NA,TRUE,0,0.03,404,TRUE,1.1412538820134217,0.08389960804202924,0.9192165942165942,0.5484948731823732,164,41,16,16,0
pooled_spatiotemporal_no_age,5,fold_004,no_spatial,ok,NA,NA,TRUE,0,0.01,188,TRUE,1.4678681635008974,0.10971754478603135,0.898001323001323,0.5053608781569308,164,41,16,16,0
pooled_spatiotemporal_no_age,5,fold_004,no_associations,ok,NA,NA,TRUE,0,0.03,278,TRUE,1.1073087341261,0.08346945887631395,0.9214420714420715,0.5655829282087022,164,41,16,16,0
pooled_spatiotemporal_no_age,5,fold_005,full,ok,NA,NA,TRUE,0,0.03,500,FALSE,1.299837244735644,0.09816373832373823,0.9051304299149127,0.5411748773420113,164,41,16,16,0
pooled_spatiotemporal_no_age,5,fold_005,no_abiotic,ok,NA,NA,TRUE,0,0.01,274,TRUE,1.2940331414191537,0.09643590549330265,0.9058674802209284,0.5334967939430414,164,41,16,16,0
pooled_spatiotemporal_no_age,5,fold_005,no_spatial,ok,NA,NA,TRUE,0,0.03,315,TRUE,1.3120515143799298,0.10262341949237284,0.9045053366174056,0.5260972268844264,164,41,16,16,0
pooled_spatiotemporal_no_age,5,fold_005,no_associations,ok,NA,NA,TRUE,0,0,270,TRUE,1.133460387231317,0.09804469713495019,0.9178655396327811,0.5946591550377054,164,41,16,16,0
temporal_best_slice,1,fold_001,full,ok,NA,NA,TRUE,0,0.01,500,FALSE,3.4791204139741803,0.2587419241822701,0.740234375,0.375,20,6,16,12,4
temporal_best_slice,1,fold_001,no_abiotic,ok,NA,NA,TRUE,0,0,500,FALSE,5.388035690034062,0.3950955855804199,0.603515625,0.2916666666666667,20,6,16,12,4
temporal_best_slice,1,fold_001,no_spatial,ok,NA,NA,TRUE,0,0,391,TRUE,0.6296099810560282,0.05544175949460752,0.958984375,0.5416666666666666,20,6,16,12,4
temporal_best_slice,1,fold_001,no_associations,ok,NA,NA,TRUE,0,0.04,425,TRUE,3.915919386342105,0.2984091691537046,0.71796875,0.375,20,6,16,12,4
temporal_best_slice,1,fold_002,full,ok,NA,NA,TRUE,0,0.01,500,FALSE,2.31735685625297,0.17242489625928412,0.8270300333704116,0.6111111111111112,21,5,16,12,4
temporal_best_slice,1,fold_002,no_abiotic,ok,NA,NA,TRUE,0,0.03,500,FALSE,2.763102911590379,0.19999960000099998,0.7997775305895439,0.5185185185185185,21,5,16,12,4
temporal_best_slice,1,fold_002,no_spatial,ok,NA,NA,TRUE,0,0.04,500,FALSE,2.3025859263258788,0.1666663333343333,0.8320355951056729,0.6064814814814815,21,5,16,12,4
temporal_best_slice,1,fold_002,no_associations,ok,NA,NA,TRUE,0,0,500,FALSE,2.331984784663868,0.17603297263137788,0.818131256952169,0.5972222222222222,21,5,16,12,4
temporal_best_slice,1,fold_003,full,ok,NA,NA,TRUE,0,0.09,397,TRUE,0.6933271381192936,0.0503355177613829,0.9493284493284493,0.7,21,5,16,12,4
temporal_best_slice,1,fold_003,no_abiotic,ok,NA,NA,TRUE,0,0.09,376,TRUE,1.1698796877066966,0.08847781229914671,0.9175824175824175,0.5,21,5,16,12,4
temporal_best_slice,1,fold_003,no_spatial,ok,NA,NA,TRUE,0,0.07,378,TRUE,0.7269248147330861,0.061966091717828305,0.9456654456654456,0.7,21,5,16,12,4
temporal_best_slice,1,fold_003,no_associations,ok,NA,NA,TRUE,0,0.07,312,TRUE,0.9210459966759696,0.06666654064609283,0.9255189255189256,0.7,21,5,16,12,4
temporal_best_slice,1,fold_004,full,ok,NA,NA,TRUE,0,0.02,500,FALSE,1.4287184067945446,0.11755223284060433,0.8846153846153846,0.7083333333333334,21,5,16,12,4
temporal_best_slice,1,fold_004,no_abiotic,ok,NA,NA,TRUE,0,0.01,342,TRUE,1.9207112736084564,0.15350378830521855,0.8563348416289592,0.475,21,5,16,12,4
temporal_best_slice,1,fold_004,no_spatial,ok,NA,NA,TRUE,0,0.05,318,TRUE,0.5106230905903925,0.05185405086651708,0.9615384615384616,0.8,21,5,16,12,4
temporal_best_slice,1,fold_004,no_associations,ok,NA,NA,TRUE,0,0.03,500,FALSE,1.4528334111474928,0.12505220334423084,0.8800904977375565,0.7083333333333334,21,5,16,12,4
temporal_best_slice,1,fold_005,full,ok,NA,NA,TRUE,0,0.02,400,TRUE,1.7194644691070895,0.12975229908250002,0.868844696969697,0.4722222222222222,21,5,16,13,3
temporal_best_slice,1,fold_005,no_abiotic,ok,NA,NA,TRUE,0,0.01,293,TRUE,1.3386025827248271,0.11206499069435985,0.9057765151515151,0.5833333333333334,21,5,16,13,3
temporal_best_slice,1,fold_005,no_spatial,ok,NA,NA,TRUE,0,0.05,303,TRUE,2.338010309808427,0.16923043077023076,0.8295454545454546,0.4166666666666667,21,5,16,13,3
temporal_best_slice,1,fold_005,no_associations,ok,NA,NA,TRUE,0,0.01,194,TRUE,1.7328329485040335,0.1347722931730277,0.8674242424242424,0.4444444444444444,21,5,16,13,3
temporal_best_slice,2,fold_001,full,ok,NA,NA,TRUE,0,0.02,500,FALSE,1.9774740417628849,0.15120659136319983,0.8419117647058824,0.5642857142857143,20,6,16,13,3
temporal_best_slice,2,fold_001,no_abiotic,ok,NA,NA,TRUE,0,0.02,500,FALSE,1.6147641939206268,0.12263375257579133,0.8760026737967914,0.5267857142857143,20,6,16,13,3
temporal_best_slice,2,fold_001,no_spatial,ok,NA,NA,TRUE,0,0.01,500,FALSE,1.8266375827360726,0.14939084194938707,0.8556149732620321,0.5821428571428572,20,6,16,13,3
temporal_best_slice,2,fold_001,no_associations,ok,NA,NA,TRUE,0,0.01,481,TRUE,2.020354852313071,0.16457998139665855,0.8442513368983957,0.5785714285714285,20,6,16,13,3
temporal_best_slice,2,fold_002,full,ok,NA,NA,TRUE,0,0,500,FALSE,0.059106354018747954,0.018722217779864866,0.9977553310886644,0.8333333333333334,21,5,16,12,4
temporal_best_slice,2,fold_002,no_abiotic,ok,NA,NA,TRUE,0,0.03,372,TRUE,0.24383867204716209,0.020001995103476375,0.9809203142536476,0.75,21,5,16,12,4
temporal_best_slice,2,fold_002,no_spatial,ok,NA,NA,TRUE,0,0.03,500,FALSE,0.46051798526500065,0.033333266667666665,0.9696969696969697,0.6666666666666666,21,5,16,12,4
temporal_best_slice,2,fold_002,no_associations,ok,NA,NA,TRUE,0,0.03,397,TRUE,0.06280149342916243,0.023022748873774913,0.9977553310886644,0.8333333333333334,21,5,16,12,4
temporal_best_slice,2,fold_003,full,ok,NA,NA,TRUE,0,0.01,500,FALSE,1.8412235246901623,0.15678738513526275,0.8498498498498499,0.7291666666666666,21,5,16,11,5
temporal_best_slice,2,fold_003,no_abiotic,ok,NA,NA,TRUE,0,0.05,500,FALSE,3.069937344318034,0.23469879075690264,0.7927927927927928,0.5208333333333334,21,5,16,11,5
temporal_best_slice,2,fold_003,no_spatial,ok,NA,NA,TRUE,0,0.08,500,FALSE,2.0794659816326546,0.17323536264083025,0.8355855855855856,0.6805555555555556,21,5,16,11,5
temporal_best_slice,2,fold_003,no_associations,ok,NA,NA,TRUE,0,0.02,495,TRUE,1.8662544211181278,0.16174704259322192,0.8408408408408409,0.7013888888888888,21,5,16,11,5
temporal_best_slice,2,fold_004,full,ok,NA,NA,TRUE,0,0.04,500,FALSE,0.8501862035670591,0.06153833846253846,0.9369070208728653,0.5,21,5,16,13,3
temporal_best_slice,2,fold_004,no_abiotic,ok,NA,NA,TRUE,0,0.02,357,TRUE,0.651244297800654,0.05044556707195323,0.9520872865275142,0.5,21,5,16,13,3
temporal_best_slice,2,fold_004,no_spatial,ok,NA,NA,TRUE,0,0.03,500,FALSE,1.2820161674055897,0.09424230068512203,0.9041745730550285,0.5,21,5,16,13,3
temporal_best_slice,2,fold_004,no_associations,ok,NA,NA,TRUE,0,0.06,446,TRUE,0.680103750134555,0.0596528342220611,0.952561669829222,0.5,21,5,16,13,3
temporal_best_slice,2,fold_005,full,ok,NA,NA,TRUE,0,0.02,500,FALSE,2.07371861118855,0.15010658767205237,0.8466666666666667,0.5178571428571429,21,5,16,12,4
temporal_best_slice,2,fold_005,no_abiotic,ok,NA,NA,TRUE,0,0,365,TRUE,2.0896044857214773,0.15588405941645916,0.845,0.5178571428571429,21,5,16,12,4
temporal_best_slice,2,fold_005,no_spatial,ok,NA,NA,TRUE,0,0.05,500,FALSE,1.6143611017035737,0.11700204940307739,0.8816666666666667,0.5238095238095238,21,5,16,12,4
temporal_best_slice,2,fold_005,no_associations,ok,NA,NA,TRUE,0,0,500,FALSE,2.072592957924792,0.15000386393557766,0.8466666666666667,0.5178571428571429,21,5,16,12,4
temporal_best_slice,3,fold_001,full,ok,NA,NA,TRUE,0,0.01,464,TRUE,0.5680748615748862,0.052244567892642584,0.9598490048043926,0.7,20,6,16,13,3
temporal_best_slice,3,fold_001,no_abiotic,ok,NA,NA,TRUE,0,0,434,TRUE,0.8961618511081431,0.06720579940096202,0.939601921757035,0.5666666666666667,20,6,16,13,3
temporal_best_slice,3,fold_001,no_spatial,ok,NA,NA,TRUE,0,0.01,500,FALSE,0.8890513678850186,0.06481276617838203,0.9399450926561428,0.6333333333333333,20,6,16,13,3
temporal_best_slice,3,fold_001,no_associations,ok,NA,NA,TRUE,0,0.02,420,TRUE,0.5668322989810342,0.05062995630768403,0.9526424159231297,0.8,20,6,16,13,3
temporal_best_slice,3,fold_002,full,ok,NA,NA,TRUE,0,0,292,TRUE,1.319352259139281,0.11303096329615751,0.8808479532163743,0.6875,21,5,16,11,5
temporal_best_slice,3,fold_002,no_abiotic,ok,NA,NA,TRUE,0,0,354,TRUE,1.2559564143587518,0.09090890909190909,0.9181286549707602,0.5208333333333334,21,5,16,11,5
temporal_best_slice,3,fold_002,no_spatial,ok,NA,NA,TRUE,0,0.02,361,TRUE,0.8247386379470137,0.07808943713445311,0.9342105263157895,0.75,21,5,16,11,5
temporal_best_slice,3,fold_002,no_associations,ok,NA,NA,TRUE,0,0.01,433,TRUE,1.274458405307661,0.0957665985771332,0.8874269005847953,0.6875,21,5,16,11,5
temporal_best_slice,3,fold_003,full,ok,NA,NA,TRUE,0,0.02,424,TRUE,1.862487663821413,0.14164689644746908,0.8659621802002224,0.546875,21,5,16,12,4
temporal_best_slice,3,fold_003,no_abiotic,ok,NA,NA,TRUE,0,0.02,348,TRUE,1.8976595475064943,0.15316361906708234,0.8565072302558399,0.5260416666666666,21,5,16,12,4
temporal_best_slice,3,fold_003,no_spatial,ok,NA,NA,TRUE,0,0.03,500,FALSE,2.1130202926661235,0.16646792328226395,0.8481646273637374,0.546875,21,5,16,12,4
temporal_best_slice,3,fold_003,no_associations,ok,NA,NA,TRUE,0,0.03,424,TRUE,1.8670185582586036,0.14337436574934442,0.8659621802002224,0.546875,21,5,16,12,4
temporal_best_slice,3,fold_004,full,ok,NA,NA,TRUE,0,0.01,410,TRUE,1.4266134282453582,0.11450925544980516,0.8978794642857143,0.5,21,5,16,12,4
temporal_best_slice,3,fold_004,no_abiotic,ok,NA,NA,TRUE,0,0.05,343,TRUE,1.3847857881606944,0.10051822539413702,0.8978794642857143,0.5,21,5,16,12,4
temporal_best_slice,3,fold_004,no_spatial,ok,NA,NA,TRUE,0,0.02,500,FALSE,1.612412792870238,0.11668743318689352,0.8816964285714286,0.43333333333333335,21,5,16,12,4
temporal_best_slice,3,fold_004,no_associations,ok,NA,NA,TRUE,0,0.08,397,TRUE,1.4143238734743735,0.11232728212512859,0.8978794642857143,0.5,21,5,16,12,4
temporal_best_slice,3,fold_005,full,ok,NA,NA,TRUE,0,0.03,500,FALSE,2.358979657868943,0.17617560263266085,0.8192599620493358,0.5625,21,5,16,13,3
temporal_best_slice,3,fold_005,no_abiotic,ok,NA,NA,TRUE,0,0.09,388,TRUE,2.3380103098079843,0.16923043077023076,0.8282732447817837,0.5138888888888888,21,5,16,13,3
temporal_best_slice,3,fold_005,no_spatial,ok,NA,NA,TRUE,0,0,500,FALSE,1.732227522594102,0.13430107983486322,0.864326375711575,0.6041666666666666,21,5,16,13,3
temporal_best_slice,3,fold_005,no_associations,ok,NA,NA,TRUE,0,0.06,366,TRUE,2.3667199114356556,0.17814029207062723,0.8173624288425048,0.5625,21,5,16,13,3
temporal_best_slice,4,fold_001,full,ok,NA,NA,TRUE,0,0.01,500,FALSE,1.2160622618948613,0.1021508717347442,0.905982905982906,0.49375,20,6,16,12,4
temporal_best_slice,4,fold_001,no_abiotic,ok,NA,NA,TRUE,0,0.01,326,TRUE,0.8122849644683389,0.0720773004740543,0.940947940947941,0.56875,20,6,16,12,4
temporal_best_slice,4,fold_001,no_spatial,ok,NA,NA,TRUE,0,0.01,500,FALSE,1.1761721352181571,0.09181827026225481,0.9125874125874126,0.490625,20,6,16,12,4
temporal_best_slice,4,fold_001,no_associations,ok,NA,NA,TRUE,0,0.03,265,TRUE,1.0563569722266717,0.0958300332659553,0.9211344211344211,0.54375,20,6,16,12,4
temporal_best_slice,4,fold_002,full,ok,NA,NA,TRUE,0,0.02,412,TRUE,2.228864034735721,0.16447976459176608,0.8425324675324676,0.6166666666666667,21,5,16,10,6
temporal_best_slice,4,fold_002,no_abiotic,ok,NA,NA,TRUE,0,0.01,488,TRUE,2.4867927204311036,0.179999640001,0.814935064935065,0.5333333333333333,21,5,16,10,6
temporal_best_slice,4,fold_002,no_spatial,ok,NA,NA,TRUE,0,0,500,FALSE,2.2264333374436283,0.16515166710728105,0.8441558441558441,0.6166666666666667,21,5,16,10,6
temporal_best_slice,4,fold_002,no_associations,ok,NA,NA,TRUE,0,0.04,420,TRUE,2.529800304860451,0.19406507165466969,0.823051948051948,0.6166666666666667,21,5,16,10,6
temporal_best_slice,4,fold_003,full,ok,NA,NA,TRUE,0,0.04,500,FALSE,0.21329657139488412,0.015419349646509152,0.9828571428571429,0.75,21,5,16,13,3
temporal_best_slice,4,fold_003,no_abiotic,ok,NA,NA,TRUE,0,0.04,500,FALSE,0.24681356936353846,0.028636141329444698,0.9833333333333333,0.75,21,5,16,13,3
temporal_best_slice,4,fold_003,no_spatial,ok,NA,NA,TRUE,0,0.07,415,TRUE,0.6511438021799455,0.05140588512137078,0.9519047619047619,0.375,21,5,16,13,3
temporal_best_slice,4,fold_003,no_associations,ok,NA,NA,TRUE,0,0.03,371,TRUE,0.21254730089225038,0.015384584616384615,0.9833333333333333,0.75,21,5,16,13,3
temporal_best_slice,4,fold_004,full,ok,NA,NA,TRUE,0,0,500,FALSE,1.1631127579616936,0.08645466912615206,0.915158371040724,0.4791666666666667,21,5,16,12,4
temporal_best_slice,4,fold_004,no_abiotic,ok,NA,NA,TRUE,0,0.04,448,TRUE,1.154131152274955,0.08374166556178175,0.9157239819004525,0.5,21,5,16,12,4
temporal_best_slice,4,fold_004,no_spatial,ok,NA,NA,TRUE,0,0.08,500,FALSE,1.381551955794481,0.09999980000099999,0.9072398190045249,0.5,21,5,16,12,4
temporal_best_slice,4,fold_004,no_associations,ok,NA,NA,TRUE,0,0.01,330,TRUE,1.1569741875858135,0.08472355085648146,0.916289592760181,0.5,21,5,16,12,4
temporal_best_slice,4,fold_005,full,ok,NA,NA,TRUE,0,0.02,398,TRUE,1.8889182464602987,0.14817905009701532,0.8331193838254172,0.6130952380952381,21,5,16,12,4
temporal_best_slice,4,fold_005,no_abiotic,ok,NA,NA,TRUE,0,0.04,426,TRUE,2.993361404221671,0.21666623333433332,0.7849807445442876,0.4523809523809524,21,5,16,12,4
temporal_best_slice,4,fold_005,no_spatial,ok,NA,NA,TRUE,0,0.02,366,TRUE,1.4261098962327077,0.11504466227613024,0.8870346598202824,0.6428571428571429,21,5,16,12,4
temporal_best_slice,4,fold_005,no_associations,ok,NA,NA,TRUE,0,0.04,465,TRUE,1.8818524809131068,0.14662652990654465,0.8318356867779204,0.6130952380952381,21,5,16,12,4
temporal_best_slice,5,fold_001,full,ok,NA,NA,TRUE,0,0.02,500,FALSE,1.3500757058652069,0.09829065137094664,0.8872727272727273,0.6888888888888889,20,6,16,12,4
temporal_best_slice,5,fold_001,no_abiotic,ok,NA,NA,TRUE,0,0,500,FALSE,1.7427202806757383,0.12976111665047016,0.8772727272727273,0.5,20,6,16,12,4
temporal_best_slice,5,fold_001,no_spatial,ok,NA,NA,TRUE,0,0.03,500,FALSE,1.5426088229195007,0.11232234718891364,0.89,0.6472222222222223,20,6,16,12,4
temporal_best_slice,5,fold_001,no_associations,ok,NA,NA,TRUE,0,0.01,399,TRUE,0.9897772890958311,0.07931895733315375,0.9177272727272727,0.6847222222222222,20,6,16,12,4
temporal_best_slice,5,fold_002,full,ok,NA,NA,TRUE,0,0.05,500,FALSE,1.4179819690639417,0.11317244318503879,0.890625,0.7222222222222222,21,5,16,12,4
temporal_best_slice,5,fold_002,no_abiotic,ok,NA,NA,TRUE,0,0.04,472,TRUE,1.6118104484281692,0.11666643333433332,0.8816964285714286,0.4722222222222222,21,5,16,12,4
temporal_best_slice,5,fold_002,no_spatial,ok,NA,NA,TRUE,0,0.01,433,TRUE,0.49733941075147925,0.04559448618245656,0.9620535714285714,0.8333333333333334,21,5,16,12,4
temporal_best_slice,5,fold_002,no_associations,ok,NA,NA,TRUE,0,0.07,500,FALSE,1.415427391954777,0.1104932682328207,0.8900669642857143,0.7222222222222222,21,5,16,12,4
temporal_best_slice,5,fold_003,full,ok,NA,NA,TRUE,0,0.03,500,FALSE,1.1749682178351497,0.09195950218754788,0.914349276974416,0.5,21,5,16,12,4
temporal_best_slice,5,fold_003,no_abiotic,ok,NA,NA,TRUE,0,0.01,348,TRUE,1.181039324948101,0.09344006266907913,0.9126807563959956,0.46875,21,5,16,12,4
temporal_best_slice,5,fold_003,no_spatial,ok,NA,NA,TRUE,0,0.02,500,FALSE,1.162921360516738,0.08622515506858325,0.9137931034482759,0.4375,21,5,16,12,4
temporal_best_slice,5,fold_003,no_associations,ok,NA,NA,TRUE,0,0.02,500,FALSE,1.1761798541119213,0.09295338995320608,0.914349276974416,0.5,21,5,16,12,4
temporal_best_slice,5,fold_004,full,ok,NA,NA,TRUE,0,0.06,500,FALSE,2.1330592525462504,0.1561814220737244,0.840952380952381,0.5138888888888888,21,5,16,13,3
temporal_best_slice,5,fold_004,no_abiotic,ok,NA,NA,TRUE,0,0.07,488,TRUE,1.710548620873182,0.12667962701525168,0.8723809523809524,0.5833333333333334,21,5,16,13,3
temporal_best_slice,5,fold_004,no_spatial,ok,NA,NA,TRUE,0,0.01,438,TRUE,2.5634103340469756,0.1895494813252413,0.8076190476190476,0.4722222222222222,21,5,16,13,3
temporal_best_slice,5,fold_004,no_associations,ok,NA,NA,TRUE,0,0.05,366,TRUE,1.9407962570335653,0.14769099882753378,0.8476190476190476,0.5208333333333334,21,5,16,13,3
temporal_best_slice,5,fold_005,full,ok,NA,NA,TRUE,0,0.03,376,TRUE,1.1832442124433764,0.09296077177586579,0.9088888888888889,0.5666666666666667,21,5,16,12,4
temporal_best_slice,5,fold_005,no_abiotic,ok,NA,NA,TRUE,0,0.04,476,TRUE,1.4276058469177448,0.11771378984227715,0.8922222222222222,0.5333333333333333,21,5,16,12,4
temporal_best_slice,5,fold_005,no_spatial,ok,NA,NA,TRUE,0,0.01,380,TRUE,1.6368467603901242,0.12673779731974008,0.8805555555555555,0.5,21,5,16,12,4
temporal_best_slice,5,fold_005,no_associations,ok,NA,NA,TRUE,0,0.02,233,TRUE,1.4130864162863594,0.11138155565445886,0.89,0.5666666666666667,21,5,16,12,4
