candidate_id,agent_batch_id,review_role,run_id,recommendation,trait_name,dataset_id,value_lower,value_lower_inclusive,value_upper,value_upper_inclusive,scale_factor,n_matched_records,confidence,rationale,evidence_reference,conflicts_or_uncertainty
96db4702823b52425bb01a87dfa986cf9b32fe1019786911bf243cf039784fb2,stem_specific_density_02,reviewer_b,pilot_20260814T195648Z_b,insufficient_evidence,"Stem specific density (SSD, stem dry mass per stem fresh volume) or wood density",,,,,,,0,medium,"The two source distributions differ sharply: dataset 98088 has ten values from 0.00160 to 0.00721, while dataset 100344 has one value of 0.57. This is a unit hypothesis, not a verified source correction; retain the values while flagged.","Data/Temp/Trait_corrections/raw/automation/pilot_dataset_evidence.csv; Data/Temp/Trait_corrections/raw/automation/pilot_record_evidence.csv; Data/Temp/Trait_corrections/raw/automation/pilot_historical_comparison.csv","No source-unit metadata or primary source documentation identifies the measurement units or establishes which source should be transformed; no recovered selector is available."
0edd55e98ff70bd1fb7ed5c5d6f515e59f32800ea27357dcbd2fa9321d3ebdf6,stem_specific_density_02,reviewer_b,pilot_20260814T195648Z_b,insufficient_evidence,"Stem specific density (SSD, stem dry mass per stem fresh volume) or wood density",,,,,,,0,medium,"Dataset 99613 has ten values from 373.00 to 558.90, whereas dataset 100615 has one value of 0.55; the source-median ratio is near 1000. This supports investigation but does not, without source-unit evidence, justify selecting and scaling a record.","Data/Temp/Trait_corrections/raw/automation/pilot_dataset_evidence.csv; Data/Temp/Trait_corrections/raw/automation/pilot_record_evidence.csv; Data/Temp/Trait_corrections/raw/automation/pilot_historical_comparison.csv","The supplied evidence contains no source documentation stating whether either dataset uses kg per cubic metre, g per cubic centimetre, or another unit; no recovered selector is available."
6e8b15a36c98cf5bb9b51d8659aafa12635164fd04615a0eadbbb7e6f9fcc148,stem_specific_density_02,reviewer_b,pilot_20260814T195648Z_b,insufficient_evidence,"Stem specific density (SSD, stem dry mass per stem fresh volume) or wood density",,,,,,,0,medium,"Dataset 99613 has ten values from 316.15 to 443.58, while dataset 100615 has one value of 0.5. The discrepancy is compatible with a unit issue but is not sufficiently close to the flagged factor and lacks source-unit confirmation; retain while flagged.","Data/Temp/Trait_corrections/raw/automation/pilot_dataset_evidence.csv; Data/Temp/Trait_corrections/raw/automation/pilot_record_evidence.csv; Data/Temp/Trait_corrections/raw/automation/pilot_historical_comparison.csv","No source-unit metadata or primary source documentation establishes a valid conversion factor or identifies the erroneous source; no recovered selector is available."
bf40ff979cfad48fc4481bca33e36a42de27880303f961ee425080f65e6d67bf,stem_specific_density_02,reviewer_b,pilot_20260814T195648Z_b,insufficient_evidence,"Stem specific density (SSD, stem dry mass per stem fresh volume) or wood density",,,,,,,0,low,"All ten values are finite and positive and come from one dataset, ranging from 0.00358 to 0.00758. Historical drift alone supplies no evidence that a particular value or source is erroneous; retain while flagged.","Data/Temp/Trait_corrections/raw/automation/pilot_dataset_evidence.csv; Data/Temp/Trait_corrections/raw/automation/pilot_record_evidence.csv; Data/Temp/Trait_corrections/raw/automation/pilot_historical_comparison.csv","Only one source is represented, there is no recovered selector, and no primary trait or source-unit evidence supports exclusion or scaling."
f91c03d1885dfaa70d49c03f81a6d9709cd1086e63f60f912476e45a6488a833,stem_specific_density_02,reviewer_b,pilot_20260814T195648Z_b,insufficient_evidence,"Stem specific density (SSD, stem dry mass per stem fresh volume) or wood density",,,,,,,0,low,"All ten values are finite and positive and come from one dataset, ranging from 0.00514 to 0.01114. The changed historical summary is not evidence for a correction; retain while flagged.","Data/Temp/Trait_corrections/raw/automation/pilot_dataset_evidence.csv; Data/Temp/Trait_corrections/raw/automation/pilot_record_evidence.csv; Data/Temp/Trait_corrections/raw/automation/pilot_historical_comparison.csv","Only one source is represented, there is no recovered selector, and no primary trait or source-unit evidence supports exclusion or scaling."
04476eb389eabea6ca1cdb02bd732d6d645b093da16fef3c453781bf548d990b,stem_specific_density_02,reviewer_b,pilot_20260814T195648Z_b,insufficient_evidence,"Stem specific density (SSD, stem dry mass per stem fresh volume) or wood density",,,,,,,0,low,"All ten values are finite and positive and come from one dataset, ranging from 0.00477 to 0.00996. Historical drift alone does not identify a malformed record or a defensible correction; retain while flagged.","Data/Temp/Trait_corrections/raw/automation/pilot_dataset_evidence.csv; Data/Temp/Trait_corrections/raw/automation/pilot_record_evidence.csv; Data/Temp/Trait_corrections/raw/automation/pilot_historical_comparison.csv","Only one source is represented, there is no recovered selector, and no primary trait or source-unit evidence supports exclusion or scaling."
423c8c46af538fefed2581897c11b4ae7f330973bf31a705e9cac117075a2808,stem_specific_density_02,reviewer_b,pilot_20260814T195648Z_b,insufficient_evidence,"Stem specific density (SSD, stem dry mass per stem fresh volume) or wood density",,,,,,,0,low,"All ten values are finite and positive and come from one dataset, including repeated lower values and a maximum of 0.01809. This within-source spread is not sufficient evidence to infer a group or record correction; retain while flagged.","Data/Temp/Trait_corrections/raw/automation/pilot_dataset_evidence.csv; Data/Temp/Trait_corrections/raw/automation/pilot_record_evidence.csv; Data/Temp/Trait_corrections/raw/automation/pilot_historical_comparison.csv","Only one source is represented, there is no recovered selector, and no primary trait or source-unit evidence supports exclusion or scaling."
6a64ecd1f653a6b80b0e46ec900d175835943fd559acd6cbe2c833fb2fda5b1e,stem_specific_density_02,reviewer_b,pilot_20260814T195648Z_b,insufficient_evidence,"Stem specific density (SSD, stem dry mass per stem fresh volume) or wood density",,,,,,,0,low,"All ten values are finite and positive and come from one dataset, ranging from 0.00476 to 0.00771. Historical drift alone does not establish an error or a valid correction; retain while flagged.","Data/Temp/Trait_corrections/raw/automation/pilot_dataset_evidence.csv; Data/Temp/Trait_corrections/raw/automation/pilot_record_evidence.csv; Data/Temp/Trait_corrections/raw/automation/pilot_historical_comparison.csv","Only one source is represented, there is no recovered selector, and no primary trait or source-unit evidence supports exclusion or scaling."
298235d7ce4a7b65db8d4ad931faa0d42e8f3181397e7cfd405762cec5c791b2,stem_specific_density_02,reviewer_b,pilot_20260814T195648Z_b,insufficient_evidence,"Stem specific density (SSD, stem dry mass per stem fresh volume) or wood density",,,,,,,0,low,"All ten values are finite and positive and come from one dataset, with one maximum of 0.05511 above the remaining 0.00375 to 0.00880 values. An extreme alone is not adequate evidence for exclusion or scaling; retain while flagged.","Data/Temp/Trait_corrections/raw/automation/pilot_dataset_evidence.csv; Data/Temp/Trait_corrections/raw/automation/pilot_record_evidence.csv; Data/Temp/Trait_corrections/raw/automation/pilot_historical_comparison.csv","Only one source is represented, there is no recovered selector, and no primary trait or source-unit evidence supports selecting the maximum for correction."
e0575548592a0f75604e6e0bac350c04d0f6134da0f17f91ba86851fcd1aebd7,stem_specific_density_02,reviewer_b,pilot_20260814T195648Z_b,insufficient_evidence,"Stem specific density (SSD, stem dry mass per stem fresh volume) or wood density",,,,,,,0,low,"All ten values are finite and positive and come from one dataset, ranging from 0.00332 to 0.00678. Historical drift alone does not establish an error or a valid correction; retain while flagged.","Data/Temp/Trait_corrections/raw/automation/pilot_dataset_evidence.csv; Data/Temp/Trait_corrections/raw/automation/pilot_record_evidence.csv; Data/Temp/Trait_corrections/raw/automation/pilot_historical_comparison.csv","Only one source is represented, there is no recovered selector, and no primary trait or source-unit evidence supports exclusion or scaling."
